frame_id,image_path,confidence,x1,y1,x2,y2
online_match_01/frame_0002.jpg,data\frames_dense\online_match_01\frame_0002.jpg,0.567,324.6,331.0,345.9,351.4
online_match_01/frame_0004.jpg,data\frames_dense\online_match_01\frame_0004.jpg,0.514,407.4,45.3,429.0,64.5
online_match_01/frame_0010.jpg,data\frames_dense\online_match_01\frame_0010.jpg,0.494,286.7,411.5,308.3,431.8
online_match_01/frame_0010.jpg,data\frames_dense\online_match_01\frame_0010.jpg,0.423,374.4,277.0,397.6,300.3
online_match_01/frame_0013.jpg,data\frames_dense\online_match_01\frame_0013.jpg,0.663,855.1,243.4,878.8,267.0
online_match_01/frame_0014.jpg,data\frames_dense\online_match_01\frame_0014.jpg,0.787,784.9,255.2,809.7,277.1
online_match_01/frame_0016.jpg,data\frames_dense\online_match_01\frame_0016.jpg,0.373,730.7,273.2,754.5,296.6
online_match_01/frame_0017.jpg,data\frames_dense\online_match_01\frame_0017.jpg,0.76,733.4,99.8,755.6,120.6
online_match_01/frame_0019.jpg,data\frames_dense\online_match_01\frame_0019.jpg,0.775,731.4,102.1,751.2,121.6
online_match_01/frame_0020.jpg,data\frames_dense\online_match_01\frame_0020.jpg,0.446,717.3,252.3,739.0,273.5
online_match_01/frame_0023.jpg,data\frames_dense\online_match_01\frame_0023.jpg,0.404,721.6,437.2,746.6,461.1
online_match_01/frame_0024.jpg,data\frames_dense\online_match_01\frame_0024.jpg,0.613,728.3,428.4,750.9,449.3
online_match_01/frame_0073.jpg,data\frames_dense\online_match_01\frame_0073.jpg,0.437,1132.3,368.0,1151.4,386.6
online_match_01/frame_0104.jpg,data\frames_dense\online_match_01\frame_0104.jpg,0.311,42.3,327.0,61.5,344.8
online_match_01/frame_0108.jpg,data\frames_dense\online_match_01\frame_0108.jpg,0.64,177.3,254.9,199.2,273.6
online_match_01/frame_0111.jpg,data\frames_dense\online_match_01\frame_0111.jpg,0.759,797.6,372.9,816.3,391.0
online_match_01/frame_0118.jpg,data\frames_dense\online_match_01\frame_0118.jpg,0.772,735.9,177.1,751.9,193.3
online_match_01/frame_0121.jpg,data\frames_dense\online_match_01\frame_0121.jpg,0.682,432.7,375.4,457.6,397.9
online_match_01/frame_0123.jpg,data\frames_dense\online_match_01\frame_0123.jpg,0.685,493.3,393.4,518.9,416.2
online_match_01/frame_0124.jpg,data\frames_dense\online_match_01\frame_0124.jpg,0.805,505.2,370.6,524.5,389.1
online_match_01/frame_0125.jpg,data\frames_dense\online_match_01\frame_0125.jpg,0.483,504.9,377.6,526.6,398.0
online_match_01/frame_0126.jpg,data\frames_dense\online_match_01\frame_0126.jpg,0.462,492.1,346.2,509.5,362.9
online_match_01/frame_0131.jpg,data\frames_dense\online_match_01\frame_0131.jpg,0.702,313.8,323.7,334.6,343.4
online_match_01/frame_0133.jpg,data\frames_dense\online_match_01\frame_0133.jpg,0.782,62.0,397.8,88.0,421.4
online_match_01/frame_0147.jpg,data\frames_dense\online_match_01\frame_0147.jpg,0.547,1186.4,338.6,1207.0,358.2
online_match_01/frame_0148.jpg,data\frames_dense\online_match_01\frame_0148.jpg,0.558,1163.9,335.1,1186.4,356.8
online_match_01/frame_0148.jpg,data\frames_dense\online_match_01\frame_0148.jpg,0.286,1156.1,336.8,1186.1,359.1
online_match_01/frame_0149.jpg,data\frames_dense\online_match_01\frame_0149.jpg,0.57,1166.2,392.9,1192.1,416.0
online_match_01/frame_0150.jpg,data\frames_dense\online_match_01\frame_0150.jpg,0.847,1201.7,360.0,1226.6,382.9
online_match_01/frame_0151.jpg,data\frames_dense\online_match_01\frame_0151.jpg,0.837,1226.9,372.5,1250.2,395.5
online_match_01/frame_0153.jpg,data\frames_dense\online_match_01\frame_0153.jpg,0.741,1187.7,397.4,1214.3,422.8
online_match_01/frame_0154.jpg,data\frames_dense\online_match_01\frame_0154.jpg,0.881,1176.5,368.9,1198.6,389.8
online_match_01/frame_0155.jpg,data\frames_dense\online_match_01\frame_0155.jpg,0.822,1162.5,384.3,1185.2,405.9
online_match_01/frame_0181.jpg,data\frames_dense\online_match_01\frame_0181.jpg,0.512,1232.1,125.9,1250.4,142.9
online_match_01/frame_0185.jpg,data\frames_dense\online_match_01\frame_0185.jpg,0.576,766.2,364.6,786.3,384.1
online_match_01/frame_0187.jpg,data\frames_dense\online_match_01\frame_0187.jpg,0.522,922.9,379.9,943.2,398.8
online_match_01/frame_0190.jpg,data\frames_dense\online_match_01\frame_0190.jpg,0.455,1139.3,411.1,1165.5,435.4
online_match_01/frame_0191.jpg,data\frames_dense\online_match_01\frame_0191.jpg,0.873,1205.7,385.6,1229.9,409.3
online_match_01/frame_0205.jpg,data\frames_dense\online_match_01\frame_0205.jpg,0.618,16.6,402.1,47.6,427.7
online_match_01/frame_0206.jpg,data\frames_dense\online_match_01\frame_0206.jpg,0.585,29.8,423.3,59.9,449.7
online_match_01/frame_0207.jpg,data\frames_dense\online_match_01\frame_0207.jpg,0.659,8.9,381.5,33.5,403.1
online_match_01/frame_0208.jpg,data\frames_dense\online_match_01\frame_0208.jpg,0.277,1.3,322.4,23.4,341.6
online_match_01/frame_0209.jpg,data\frames_dense\online_match_01\frame_0209.jpg,0.275,1.5,323.3,22.5,342.5
online_match_01/frame_0220.jpg,data\frames_dense\online_match_01\frame_0220.jpg,0.628,783.6,321.8,811.4,345.4
online_match_01/frame_0242.jpg,data\frames_dense\online_match_01\frame_0242.jpg,0.519,8.8,331.9,30.5,350.8
online_match_01/frame_0244.jpg,data\frames_dense\online_match_01\frame_0244.jpg,0.82,121.7,226.2,142.2,245.1
online_match_01/frame_0250.jpg,data\frames_dense\online_match_01\frame_0250.jpg,0.481,840.1,136.2,857.1,151.7
online_match_01/frame_0251.jpg,data\frames_dense\online_match_01\frame_0251.jpg,0.607,776.4,177.0,798.7,198.5
online_match_01/frame_0251.jpg,data\frames_dense\online_match_01\frame_0251.jpg,0.269,443.5,388.7,463.2,408.4
online_match_01/frame_0254.jpg,data\frames_dense\online_match_01\frame_0254.jpg,0.706,459.0,421.6,480.6,443.5
online_match_01/frame_0257.jpg,data\frames_dense\online_match_01\frame_0257.jpg,0.597,455.0,380.8,478.3,403.5
online_match_01/frame_0258.jpg,data\frames_dense\online_match_01\frame_0258.jpg,0.549,492.6,493.7,519.5,519.7
online_match_01/frame_0260.jpg,data\frames_dense\online_match_01\frame_0260.jpg,0.448,436.3,480.1,455.8,498.7
online_match_01/frame_0262.jpg,data\frames_dense\online_match_01\frame_0262.jpg,0.532,367.2,521.9,398.7,547.8
online_match_01/frame_0263.jpg,data\frames_dense\online_match_01\frame_0263.jpg,0.78,461.0,437.4,482.2,457.8
online_match_01/frame_0263.jpg,data\frames_dense\online_match_01\frame_0263.jpg,0.613,694.4,529.9,720.0,553.9
online_match_01/frame_0264.jpg,data\frames_dense\online_match_01\frame_0264.jpg,0.498,1062.8,598.1,1090.3,624.3
online_match_01/frame_0268.jpg,data\frames_dense\online_match_01\frame_0268.jpg,0.636,378.3,469.4,399.3,491.2
online_match_01/frame_0270.jpg,data\frames_dense\online_match_01\frame_0270.jpg,0.577,312.4,471.1,334.7,493.5
online_match_01/frame_0271.jpg,data\frames_dense\online_match_01\frame_0271.jpg,0.557,271.7,489.2,297.6,511.8
online_match_01/frame_0313.jpg,data\frames_dense\online_match_01\frame_0313.jpg,0.51,1259.0,448.2,1278.5,469.3
online_match_01/frame_0314.jpg,data\frames_dense\online_match_01\frame_0314.jpg,0.471,1261.4,428.9,1278.3,448.2
online_match_01/frame_0316.jpg,data\frames_dense\online_match_01\frame_0316.jpg,0.365,1238.9,415.6,1257.1,433.0
online_match_01/frame_0317.jpg,data\frames_dense\online_match_01\frame_0317.jpg,0.573,1226.1,426.4,1244.6,443.6
online_match_01/frame_0318.jpg,data\frames_dense\online_match_01\frame_0318.jpg,0.682,1210.5,434.4,1231.9,455.1
online_match_01/frame_0320.jpg,data\frames_dense\online_match_01\frame_0320.jpg,0.699,1190.0,424.6,1210.7,444.8
online_match_01/frame_0321.jpg,data\frames_dense\online_match_01\frame_0321.jpg,0.643,1196.1,397.6,1215.4,416.4
online_match_01/frame_0322.jpg,data\frames_dense\online_match_01\frame_0322.jpg,0.591,1203.3,395.1,1222.7,413.9
online_match_01/frame_0323.jpg,data\frames_dense\online_match_01\frame_0323.jpg,0.698,1202.8,393.5,1223.1,413.3
online_match_01/frame_0323.jpg,data\frames_dense\online_match_01\frame_0323.jpg,0.323,155.4,441.9,173.2,458.4
online_match_01/frame_0325.jpg,data\frames_dense\online_match_01\frame_0325.jpg,0.636,1183.5,399.6,1203.7,418.1
online_match_01/frame_0325.jpg,data\frames_dense\online_match_01\frame_0325.jpg,0.337,148.0,442.3,164.1,458.3
online_match_01/frame_0326.jpg,data\frames_dense\online_match_01\frame_0326.jpg,0.706,1168.5,410.6,1191.2,431.2
online_match_01/frame_0326.jpg,data\frames_dense\online_match_01\frame_0326.jpg,0.281,126.5,457.8,144.7,475.1
online_match_01/frame_0328.jpg,data\frames_dense\online_match_01\frame_0328.jpg,0.694,1040.4,343.8,1058.7,361.1
online_match_01/frame_0333.jpg,data\frames_dense\online_match_01\frame_0333.jpg,0.267,1197.3,265.5,1218.0,284.6
online_match_01/frame_0334.jpg,data\frames_dense\online_match_01\frame_0334.jpg,0.379,1257.9,263.4,1277.8,282.3
online_match_01/frame_0342.jpg,data\frames_dense\online_match_01\frame_0342.jpg,0.77,980.6,461.2,1007.8,489.2
online_match_01/frame_0344.jpg,data\frames_dense\online_match_01\frame_0344.jpg,0.74,1002.2,481.0,1030.3,507.6
online_match_01/frame_0345.jpg,data\frames_dense\online_match_01\frame_0345.jpg,0.391,1006.9,481.9,1034.6,507.7
online_match_01/frame_0347.jpg,data\frames_dense\online_match_01\frame_0347.jpg,0.372,1255.1,489.4,1277.9,511.2
online_match_01/frame_0363.jpg,data\frames_dense\online_match_01\frame_0363.jpg,0.283,471.1,410.4,492.5,430.5
online_match_01/frame_0367.jpg,data\frames_dense\online_match_01\frame_0367.jpg,0.79,44.8,388.5,69.0,411.1
online_match_01/frame_0371.jpg,data\frames_dense\online_match_01\frame_0371.jpg,0.379,168.5,320.4,187.6,339.1
online_match_01/frame_0374.jpg,data\frames_dense\online_match_01\frame_0374.jpg,0.643,127.0,348.8,146.7,367.6
online_match_01/frame_0376.jpg,data\frames_dense\online_match_01\frame_0376.jpg,0.275,114.4,298.3,133.0,315.1
online_match_01/frame_0377.jpg,data\frames_dense\online_match_01\frame_0377.jpg,0.742,125.9,338.7,141.2,354.0
online_match_01/frame_0381.jpg,data\frames_dense\online_match_01\frame_0381.jpg,0.604,117.1,344.4,131.4,359.3
online_match_01/frame_0382.jpg,data\frames_dense\online_match_01\frame_0382.jpg,0.349,111.0,313.6,127.8,328.8
online_match_01/frame_0383.jpg,data\frames_dense\online_match_01\frame_0383.jpg,0.262,101.6,305.7,116.3,320.8
online_match_01/frame_0385.jpg,data\frames_dense\online_match_01\frame_0385.jpg,0.612,108.8,297.0,127.5,314.4
online_match_01/frame_0386.jpg,data\frames_dense\online_match_01\frame_0386.jpg,0.309,113.2,349.8,131.8,367.5
online_match_01/frame_0388.jpg,data\frames_dense\online_match_01\frame_0388.jpg,0.683,112.4,298.0,130.2,314.6
online_match_01/frame_0389.jpg,data\frames_dense\online_match_01\frame_0389.jpg,0.4,112.6,343.7,130.9,361.6
online_match_01/frame_0390.jpg,data\frames_dense\online_match_01\frame_0390.jpg,0.523,113.6,348.1,132.5,366.0
online_match_01/frame_0392.jpg,data\frames_dense\online_match_01\frame_0392.jpg,0.47,106.5,319.7,122.2,335.7
online_match_01/frame_0393.jpg,data\frames_dense\online_match_01\frame_0393.jpg,0.401,541.5,403.5,562.1,423.8
online_match_01/frame_0395.jpg,data\frames_dense\online_match_01\frame_0395.jpg,0.543,117.1,300.2,135.4,318.2
online_match_01/frame_0395.jpg,data\frames_dense\online_match_01\frame_0395.jpg,0.323,118.6,302.3,137.4,320.5
online_match_01/frame_0397.jpg,data\frames_dense\online_match_01\frame_0397.jpg,0.67,126.4,315.1,142.6,330.5
online_match_01/frame_0399.jpg,data\frames_dense\online_match_01\frame_0399.jpg,0.52,156.4,299.8,174.8,316.5
online_match_01/frame_0401.jpg,data\frames_dense\online_match_01\frame_0401.jpg,0.428,193.1,335.4,212.1,352.6
online_match_01/frame_0407.jpg,data\frames_dense\online_match_01\frame_0407.jpg,0.629,773.9,354.1,793.0,373.6
online_match_01/frame_0408.jpg,data\frames_dense\online_match_01\frame_0408.jpg,0.502,774.1,252.6,798.2,275.0
online_match_01/frame_0410.jpg,data\frames_dense\online_match_01\frame_0410.jpg,0.483,660.5,111.7,679.1,129.6
online_match_01/frame_0414.jpg,data\frames_dense\online_match_01\frame_0414.jpg,0.51,514.1,305.2,534.1,324.6
online_match_01/frame_0417.jpg,data\frames_dense\online_match_01\frame_0417.jpg,0.544,410.8,382.7,435.0,406.6
online_match_01/frame_0420.jpg,data\frames_dense\online_match_01\frame_0420.jpg,0.506,716.1,325.0,737.0,345.8
online_match_01/frame_0425.jpg,data\frames_dense\online_match_01\frame_0425.jpg,0.647,427.3,355.4,446.5,374.3
online_match_01/frame_0426.jpg,data\frames_dense\online_match_01\frame_0426.jpg,0.483,428.6,356.5,448.6,375.8
online_match_01/frame_0427.jpg,data\frames_dense\online_match_01\frame_0427.jpg,0.655,422.5,359.1,441.0,377.4
online_match_01/frame_0429.jpg,data\frames_dense\online_match_01\frame_0429.jpg,0.806,395.7,360.9,415.1,379.4
online_match_01/frame_0430.jpg,data\frames_dense\online_match_01\frame_0430.jpg,0.684,393.0,360.0,411.6,378.5
online_match_01/frame_0431.jpg,data\frames_dense\online_match_01\frame_0431.jpg,0.691,396.8,356.2,417.2,376.2
online_match_01/frame_0437.jpg,data\frames_dense\online_match_01\frame_0437.jpg,0.472,410.0,363.9,429.5,381.6
online_match_01/frame_0440.jpg,data\frames_dense\online_match_01\frame_0440.jpg,0.456,264.0,384.6,285.0,404.2
online_match_01/frame_0442.jpg,data\frames_dense\online_match_01\frame_0442.jpg,0.521,182.8,365.3,201.4,382.8
online_match_01/frame_0444.jpg,data\frames_dense\online_match_01\frame_0444.jpg,0.617,115.1,360.3,135.0,379.9
online_match_01/frame_0446.jpg,data\frames_dense\online_match_01\frame_0446.jpg,0.751,48.9,353.8,69.3,373.3
online_match_01/frame_0463.jpg,data\frames_dense\online_match_01\frame_0463.jpg,0.368,1211.5,274.1,1231.1,292.6
online_match_01/frame_0464.jpg,data\frames_dense\online_match_01\frame_0464.jpg,0.262,1207.8,275.0,1227.9,293.6
online_match_01/frame_0465.jpg,data\frames_dense\online_match_01\frame_0465.jpg,0.434,1208.0,274.7,1227.9,293.3
online_match_01/frame_0471.jpg,data\frames_dense\online_match_01\frame_0471.jpg,0.534,1179.2,277.2,1200.3,296.6
online_match_01/frame_0478.jpg,data\frames_dense\online_match_01\frame_0478.jpg,0.357,6.5,475.3,24.9,491.6
online_match_01/frame_0479.jpg,data\frames_dense\online_match_01\frame_0479.jpg,0.362,954.8,312.1,971.1,328.1
online_match_01/frame_0480.jpg,data\frames_dense\online_match_01\frame_0480.jpg,0.371,954.7,311.9,971.7,328.3
online_match_01/frame_0481.jpg,data\frames_dense\online_match_01\frame_0481.jpg,0.787,33.5,482.2,50.8,498.5
online_match_01/frame_0481.jpg,data\frames_dense\online_match_01\frame_0481.jpg,0.458,955.6,311.9,971.1,327.5
online_match_01/frame_0481.jpg,data\frames_dense\online_match_01\frame_0481.jpg,0.397,1191.5,456.2,1209.5,474.1
online_match_01/frame_0481.jpg,data\frames_dense\online_match_01\frame_0481.jpg,0.285,950.7,358.3,963.6,370.1
online_match_01/frame_0482.jpg,data\frames_dense\online_match_01\frame_0482.jpg,0.579,38.6,454.5,57.1,471.9
online_match_01/frame_0482.jpg,data\frames_dense\online_match_01\frame_0482.jpg,0.257,955.2,310.6,970.1,326.1
online_match_01/frame_0483.jpg,data\frames_dense\online_match_01\frame_0483.jpg,0.461,33.3,460.6,48.8,475.6
online_match_01/frame_0483.jpg,data\frames_dense\online_match_01\frame_0483.jpg,0.332,1249.1,473.4,1266.9,489.8
online_match_01/frame_0483.jpg,data\frames_dense\online_match_01\frame_0483.jpg,0.319,955.2,310.4,970.2,325.8
online_match_01/frame_0489.jpg,data\frames_dense\online_match_01\frame_0489.jpg,0.472,356.0,377.1,371.2,392.0
online_match_01/frame_0491.jpg,data\frames_dense\online_match_01\frame_0491.jpg,0.379,955.3,310.5,970.1,325.9
online_match_01/frame_0493.jpg,data\frames_dense\online_match_01\frame_0493.jpg,0.479,955.5,311.4,970.0,326.4
online_match_01/frame_0494.jpg,data\frames_dense\online_match_01\frame_0494.jpg,0.541,955.6,311.5,970.0,326.3
online_match_01/frame_0495.jpg,data\frames_dense\online_match_01\frame_0495.jpg,0.538,955.4,311.6,970.1,326.4
online_match_01/frame_0495.jpg,data\frames_dense\online_match_01\frame_0495.jpg,0.261,338.9,408.8,352.9,423.2
online_match_01/frame_0496.jpg,data\frames_dense\online_match_01\frame_0496.jpg,0.537,955.3,311.6,970.1,326.5
online_match_01/frame_0497.jpg,data\frames_dense\online_match_01\frame_0497.jpg,0.539,955.6,311.5,970.3,326.3
online_match_01/frame_0498.jpg,data\frames_dense\online_match_01\frame_0498.jpg,0.513,956.0,311.7,970.4,326.4
online_match_02/frame_0014.jpg,data\frames_dense\online_match_02\frame_0014.jpg,0.754,1107.1,389.4,1131.2,412.7
online_match_02/frame_0015.jpg,data\frames_dense\online_match_02\frame_0015.jpg,0.703,1109.0,385.1,1130.5,406.6
online_match_02/frame_0016.jpg,data\frames_dense\online_match_02\frame_0016.jpg,0.669,1109.0,382.9,1130.5,404.7
online_match_02/frame_0017.jpg,data\frames_dense\online_match_02\frame_0017.jpg,0.672,1108.5,387.6,1131.8,411.0
online_match_02/frame_0018.jpg,data\frames_dense\online_match_02\frame_0018.jpg,0.716,1108.9,385.0,1130.5,406.7
online_match_02/frame_0019.jpg,data\frames_dense\online_match_02\frame_0019.jpg,0.675,1107.1,390.3,1130.8,413.3
online_match_02/frame_0020.jpg,data\frames_dense\online_match_02\frame_0020.jpg,0.648,1110.1,383.0,1131.5,403.9
online_match_02/frame_0021.jpg,data\frames_dense\online_match_02\frame_0021.jpg,0.319,1118.2,371.6,1138.6,390.6
online_match_02/frame_0022.jpg,data\frames_dense\online_match_02\frame_0022.jpg,0.574,1113.2,357.3,1132.5,376.6
online_match_02/frame_0028.jpg,data\frames_dense\online_match_02\frame_0028.jpg,0.339,1023.5,181.7,1042.2,199.4
online_match_02/frame_0031.jpg,data\frames_dense\online_match_02\frame_0031.jpg,0.528,358.6,274.8,380.4,295.6
online_match_02/frame_0033.jpg,data\frames_dense\online_match_02\frame_0033.jpg,0.307,352.5,120.9,373.3,140.3
online_match_02/frame_0035.jpg,data\frames_dense\online_match_02\frame_0035.jpg,0.405,353.6,251.9,378.3,273.8
online_match_02/frame_0040.jpg,data\frames_dense\online_match_02\frame_0040.jpg,0.653,458.3,105.9,474.7,121.0
online_match_02/frame_0040.jpg,data\frames_dense\online_match_02\frame_0040.jpg,0.26,455.6,103.9,476.0,121.9
online_match_02/frame_0041.jpg,data\frames_dense\online_match_02\frame_0041.jpg,0.459,653.9,289.2,669.7,304.9
online_match_02/frame_0043.jpg,data\frames_dense\online_match_02\frame_0043.jpg,0.625,490.4,399.8,509.9,418.5
online_match_02/frame_0048.jpg,data\frames_dense\online_match_02\frame_0048.jpg,0.404,348.2,214.7,366.5,232.5
online_match_02/frame_0049.jpg,data\frames_dense\online_match_02\frame_0049.jpg,0.423,345.0,57.9,366.5,77.6
online_match_02/frame_0052.jpg,data\frames_dense\online_match_02\frame_0052.jpg,0.65,324.9,147.2,347.9,168.8
online_match_02/frame_0053.jpg,data\frames_dense\online_match_02\frame_0053.jpg,0.615,348.2,309.9,375.0,333.9
online_match_02/frame_0056.jpg,data\frames_dense\online_match_02\frame_0056.jpg,0.798,916.0,133.8,935.9,153.8
online_match_02/frame_0060.jpg,data\frames_dense\online_match_02\frame_0060.jpg,0.709,663.6,211.3,681.8,229.5
online_match_02/frame_0061.jpg,data\frames_dense\online_match_02\frame_0061.jpg,0.309,591.0,423.4,612.7,443.2
online_match_02/frame_0067.jpg,data\frames_dense\online_match_02\frame_0067.jpg,0.643,309.6,554.8,337.2,582.5
online_match_02/frame_0068.jpg,data\frames_dense\online_match_02\frame_0068.jpg,0.572,252.4,537.8,282.9,565.5
online_match_02/frame_0071.jpg,data\frames_dense\online_match_02\frame_0071.jpg,0.381,91.8,629.5,124.1,657.8
online_match_02/frame_0089.jpg,data\frames_dense\online_match_02\frame_0089.jpg,0.266,987.5,396.0,1008.0,415.8
online_match_02/frame_0094.jpg,data\frames_dense\online_match_02\frame_0094.jpg,0.447,69.0,446.2,92.6,468.2
online_match_02/frame_0094.jpg,data\frames_dense\online_match_02\frame_0094.jpg,0.408,98.8,347.3,121.6,368.6
online_match_02/frame_0096.jpg,data\frames_dense\online_match_02\frame_0096.jpg,0.686,106.5,371.5,125.6,390.4
online_match_02/frame_0097.jpg,data\frames_dense\online_match_02\frame_0097.jpg,0.75,127.7,410.2,149.4,430.3
online_match_02/frame_0099.jpg,data\frames_dense\online_match_02\frame_0099.jpg,0.46,147.3,379.7,166.9,398.5
online_match_02/frame_0101.jpg,data\frames_dense\online_match_02\frame_0101.jpg,0.742,160.3,399.4,181.8,418.2
online_match_02/frame_0102.jpg,data\frames_dense\online_match_02\frame_0102.jpg,0.779,158.3,417.9,182.6,440.6
online_match_02/frame_0104.jpg,data\frames_dense\online_match_02\frame_0104.jpg,0.285,159.0,352.8,181.6,371.5
online_match_02/frame_0106.jpg,data\frames_dense\online_match_02\frame_0106.jpg,0.869,143.8,404.2,162.4,423.0
online_match_02/frame_0110.jpg,data\frames_dense\online_match_02\frame_0110.jpg,0.667,150.0,412.7,170.9,432.4
online_match_02/frame_0110.jpg,data\frames_dense\online_match_02\frame_0110.jpg,0.371,146.2,411.8,173.0,437.3
online_match_02/frame_0111.jpg,data\frames_dense\online_match_02\frame_0111.jpg,0.514,148.7,378.3,170.0,398.3
online_match_02/frame_0112.jpg,data\frames_dense\online_match_02\frame_0112.jpg,0.45,151.7,388.2,170.5,406.9
online_match_02/frame_0112.jpg,data\frames_dense\online_match_02\frame_0112.jpg,0.423,172.4,355.2,194.4,376.5
online_match_02/frame_0113.jpg,data\frames_dense\online_match_02\frame_0113.jpg,0.605,155.9,413.7,174.8,433.7
online_match_02/frame_0113.jpg,data\frames_dense\online_match_02\frame_0113.jpg,0.364,171.8,354.8,193.6,376.4
online_match_02/frame_0114.jpg,data\frames_dense\online_match_02\frame_0114.jpg,0.727,156.0,430.9,178.9,452.8
online_match_02/frame_0115.jpg,data\frames_dense\online_match_02\frame_0115.jpg,0.475,158.0,382.0,176.7,400.1
online_match_02/frame_0116.jpg,data\frames_dense\online_match_02\frame_0116.jpg,0.699,172.5,400.0,190.4,417.5
online_match_02/frame_0117.jpg,data\frames_dense\online_match_02\frame_0117.jpg,0.561,170.4,365.8,194.0,388.0
online_match_02/frame_0118.jpg,data\frames_dense\online_match_02\frame_0118.jpg,0.7,162.8,421.8,187.2,444.8
online_match_02/frame_0119.jpg,data\frames_dense\online_match_02\frame_0119.jpg,0.544,151.5,369.0,170.5,387.3
online_match_02/frame_0120.jpg,data\frames_dense\online_match_02\frame_0120.jpg,0.492,149.2,362.0,167.7,380.0
online_match_02/frame_0121.jpg,data\frames_dense\online_match_02\frame_0121.jpg,0.813,154.7,417.1,175.3,437.4
online_match_02/frame_0122.jpg,data\frames_dense\online_match_02\frame_0122.jpg,0.719,156.0,375.4,175.3,394.1
online_match_02/frame_0123.jpg,data\frames_dense\online_match_02\frame_0123.jpg,0.729,165.4,422.4,187.6,444.8
online_match_02/frame_0124.jpg,data\frames_dense\online_match_02\frame_0124.jpg,0.637,169.3,384.1,187.3,401.0
online_match_02/frame_0126.jpg,data\frames_dense\online_match_02\frame_0126.jpg,0.656,198.7,391.1,218.7,411.9
online_match_02/frame_0128.jpg,data\frames_dense\online_match_02\frame_0128.jpg,0.729,226.1,279.4,245.3,297.0
online_match_02/frame_0131.jpg,data\frames_dense\online_match_02\frame_0131.jpg,0.358,733.3,286.4,755.3,306.3
online_match_02/frame_0132.jpg,data\frames_dense\online_match_02\frame_0132.jpg,0.833,960.4,353.4,982.6,374.0
online_match_02/frame_0134.jpg,data\frames_dense\online_match_02\frame_0134.jpg,0.394,852.4,153.0,876.2,173.4
online_match_02/frame_0141.jpg,data\frames_dense\online_match_02\frame_0141.jpg,0.569,566.7,60.3,590.2,81.8
online_match_02/frame_0142.jpg,data\frames_dense\online_match_02\frame_0142.jpg,0.574,592.5,11.8,615.1,31.9
online_match_02/frame_0144.jpg,data\frames_dense\online_match_02\frame_0144.jpg,0.55,634.9,146.3,653.0,163.8
online_match_02/frame_0146.jpg,data\frames_dense\online_match_02\frame_0146.jpg,0.503,591.3,155.9,612.6,175.0
online_match_02/frame_0147.jpg,data\frames_dense\online_match_02\frame_0147.jpg,0.683,528.0,47.9,546.4,65.0
online_match_02/frame_0149.jpg,data\frames_dense\online_match_02\frame_0149.jpg,0.601,391.8,60.3,412.1,78.3
online_match_02/frame_0150.jpg,data\frames_dense\online_match_02\frame_0150.jpg,0.73,315.5,198.5,336.3,218.6
online_match_02/frame_0156.jpg,data\frames_dense\online_match_02\frame_0156.jpg,0.577,702.0,161.7,719.5,178.4
online_match_02/frame_0162.jpg,data\frames_dense\online_match_02\frame_0162.jpg,0.601,788.2,257.7,809.6,278.2
online_match_02/frame_0164.jpg,data\frames_dense\online_match_02\frame_0164.jpg,0.634,711.3,339.0,734.1,361.6
online_match_02/frame_0165.jpg,data\frames_dense\online_match_02\frame_0165.jpg,0.658,703.6,423.8,725.1,443.9
online_match_02/frame_0167.jpg,data\frames_dense\online_match_02\frame_0167.jpg,0.737,689.4,363.8,708.5,381.4
online_match_02/frame_0168.jpg,data\frames_dense\online_match_02\frame_0168.jpg,0.505,680.0,381.3,697.2,398.0
online_match_02/frame_0170.jpg,data\frames_dense\online_match_02\frame_0170.jpg,0.689,648.1,373.0,664.9,389.3
online_match_02/frame_0174.jpg,data\frames_dense\online_match_02\frame_0174.jpg,0.57,578.2,373.6,593.5,389.7
online_match_02/frame_0178.jpg,data\frames_dense\online_match_02\frame_0178.jpg,0.775,336.5,449.3,360.3,471.2
online_match_02/frame_0179.jpg,data\frames_dense\online_match_02\frame_0179.jpg,0.857,254.5,436.9,277.4,458.7
online_match_02/frame_0181.jpg,data\frames_dense\online_match_02\frame_0181.jpg,0.605,70.0,487.5,95.7,512.0
online_match_02/frame_0188.jpg,data\frames_dense\online_match_02\frame_0188.jpg,0.763,1196.9,477.5,1223.7,501.8
online_match_02/frame_0189.jpg,data\frames_dense\online_match_02\frame_0189.jpg,0.6,1171.3,428.7,1197.3,452.2
online_match_02/frame_0190.jpg,data\frames_dense\online_match_02\frame_0190.jpg,0.577,1228.1,442.4,1253.9,465.4
online_match_02/frame_0198.jpg,data\frames_dense\online_match_02\frame_0198.jpg,0.301,430.3,601.9,461.7,627.0
online_match_02/frame_0209.jpg,data\frames_dense\online_match_02\frame_0209.jpg,0.639,1219.3,432.0,1244.2,454.7
online_match_02/frame_0210.jpg,data\frames_dense\online_match_02\frame_0210.jpg,0.791,1197.6,420.0,1220.6,442.6
online_match_02/frame_0210.jpg,data\frames_dense\online_match_02\frame_0210.jpg,0.287,1244.6,611.3,1274.1,637.8
online_match_02/frame_0211.jpg,data\frames_dense\online_match_02\frame_0211.jpg,0.423,1185.0,395.5,1207.2,416.0
online_match_02/frame_0212.jpg,data\frames_dense\online_match_02\frame_0212.jpg,0.794,1162.3,453.8,1186.9,477.9
online_match_02/frame_0214.jpg,data\frames_dense\online_match_02\frame_0214.jpg,0.749,1133.9,452.2,1158.9,476.4
online_match_02/frame_0215.jpg,data\frames_dense\online_match_02\frame_0215.jpg,0.501,1141.4,414.1,1164.1,434.5
online_match_02/frame_0217.jpg,data\frames_dense\online_match_02\frame_0217.jpg,0.596,1126.2,429.3,1147.8,449.9
online_match_02/frame_0219.jpg,data\frames_dense\online_match_02\frame_0219.jpg,0.647,1102.2,458.7,1127.3,481.7
online_match_02/frame_0220.jpg,data\frames_dense\online_match_02\frame_0220.jpg,0.485,1116.0,397.1,1136.5,417.6
online_match_02/frame_0221.jpg,data\frames_dense\online_match_02\frame_0221.jpg,0.422,1112.0,393.9,1130.5,412.1
online_match_02/frame_0223.jpg,data\frames_dense\online_match_02\frame_0223.jpg,0.476,1103.3,396.1,1123.5,416.0
online_match_02/frame_0232.jpg,data\frames_dense\online_match_02\frame_0232.jpg,0.508,512.5,298.6,531.6,316.2
online_match_02/frame_0233.jpg,data\frames_dense\online_match_02\frame_0233.jpg,0.277,590.5,306.9,610.6,327.0
online_match_02/frame_0236.jpg,data\frames_dense\online_match_02\frame_0236.jpg,0.31,586.2,203.5,610.6,227.5
online_match_02/frame_0237.jpg,data\frames_dense\online_match_02\frame_0237.jpg,0.339,572.2,194.4,597.5,218.5
online_match_02/frame_0238.jpg,data\frames_dense\online_match_02\frame_0238.jpg,0.474,570.7,237.3,589.8,255.5
online_match_02/frame_0247.jpg,data\frames_dense\online_match_02\frame_0247.jpg,0.301,9.9,305.0,31.2,325.2
online_match_02/frame_0254.jpg,data\frames_dense\online_match_02\frame_0254.jpg,0.357,95.9,366.6,123.2,390.4
online_match_02/frame_0257.jpg,data\frames_dense\online_match_02\frame_0257.jpg,0.253,56.6,282.7,74.6,301.1
online_match_02/frame_0258.jpg,data\frames_dense\online_match_02\frame_0258.jpg,0.469,91.4,353.4,117.1,378.0
online_match_02/frame_0258.jpg,data\frames_dense\online_match_02\frame_0258.jpg,0.469,94.9,281.7,113.7,299.7
online_match_02/frame_0259.jpg,data\frames_dense\online_match_02\frame_0259.jpg,0.468,136.9,282.9,155.1,300.6
online_match_02/frame_0260.jpg,data\frames_dense\online_match_02\frame_0260.jpg,0.453,618.2,306.2,638.7,325.9
online_match_02/frame_0264.jpg,data\frames_dense\online_match_02\frame_0264.jpg,0.372,197.4,296.9,219.1,316.9
online_match_02/frame_0265.jpg,data\frames_dense\online_match_02\frame_0265.jpg,0.542,209.1,301.3,229.1,320.6
online_match_02/frame_0268.jpg,data\frames_dense\online_match_02\frame_0268.jpg,0.431,130.6,346.6,151.5,366.7
online_match_02/frame_0269.jpg,data\frames_dense\online_match_02\frame_0269.jpg,0.544,45.4,415.8,64.7,434.6
online_match_02/frame_0269.jpg,data\frames_dense\online_match_02\frame_0269.jpg,0.343,38.6,331.5,58.7,350.9
online_match_02/frame_0270.jpg,data\frames_dense\online_match_02\frame_0270.jpg,0.482,59.4,406.4,82.4,428.4
online_match_02/frame_0271.jpg,data\frames_dense\online_match_02\frame_0271.jpg,0.749,123.2,391.5,145.8,413.4
online_match_02/frame_0273.jpg,data\frames_dense\online_match_02\frame_0273.jpg,0.267,121.0,351.0,141.3,370.0
online_match_02/frame_0274.jpg,data\frames_dense\online_match_02\frame_0274.jpg,0.626,132.7,340.7,153.6,361.3
online_match_02/frame_0276.jpg,data\frames_dense\online_match_02\frame_0276.jpg,0.668,152.6,396.3,171.9,414.1
online_match_02/frame_0277.jpg,data\frames_dense\online_match_02\frame_0277.jpg,0.618,152.5,364.8,173.7,384.0
online_match_02/frame_0279.jpg,data\frames_dense\online_match_02\frame_0279.jpg,0.832,131.0,402.2,153.1,422.8
online_match_02/frame_0280.jpg,data\frames_dense\online_match_02\frame_0280.jpg,0.677,128.4,429.1,154.7,452.2
online_match_02/frame_0281.jpg,data\frames_dense\online_match_02\frame_0281.jpg,0.602,124.6,364.1,143.7,381.9
online_match_02/frame_0282.jpg,data\frames_dense\online_match_02\frame_0282.jpg,0.71,120.8,397.8,141.5,417.1
online_match_02/frame_0283.jpg,data\frames_dense\online_match_02\frame_0283.jpg,0.482,120.2,381.8,137.7,399.7
online_match_02/frame_0284.jpg,data\frames_dense\online_match_02\frame_0284.jpg,0.486,119.8,396.3,137.0,413.5
online_match_02/frame_0285.jpg,data\frames_dense\online_match_02\frame_0285.jpg,0.701,119.0,401.1,137.8,419.8
online_match_02/frame_0286.jpg,data\frames_dense\online_match_02\frame_0286.jpg,0.826,126.4,370.7,146.7,390.2
online_match_02/frame_0287.jpg,data\frames_dense\online_match_02\frame_0287.jpg,0.529,126.9,364.6,149.8,385.9
online_match_02/frame_0289.jpg,data\frames_dense\online_match_02\frame_0289.jpg,0.597,124.9,381.2,143.9,399.8
online_match_02/frame_0290.jpg,data\frames_dense\online_match_02\frame_0290.jpg,0.281,132.0,366.7,153.5,385.6
online_match_02/frame_0291.jpg,data\frames_dense\online_match_02\frame_0291.jpg,0.535,136.5,380.1,155.5,398.4
online_match_02/frame_0292.jpg,data\frames_dense\online_match_02\frame_0292.jpg,0.839,139.1,391.0,158.3,409.7
online_match_02/frame_0294.jpg,data\frames_dense\online_match_02\frame_0294.jpg,0.692,146.8,406.1,171.3,429.5
online_match_02/frame_0296.jpg,data\frames_dense\online_match_02\frame_0296.jpg,0.35,239.2,303.3,262.6,325.6
online_match_02/frame_0300.jpg,data\frames_dense\online_match_02\frame_0300.jpg,0.718,463.9,263.6,486.1,283.6
online_match_02/frame_0302.jpg,data\frames_dense\online_match_02\frame_0302.jpg,0.43,981.0,364.1,1007.4,391.8
online_match_02/frame_0304.jpg,data\frames_dense\online_match_02\frame_0304.jpg,0.502,843.0,81.2,865.4,102.3
online_match_02/frame_0306.jpg,data\frames_dense\online_match_02\frame_0306.jpg,0.618,752.7,172.3,781.0,196.2
online_match_02/frame_0312.jpg,data\frames_dense\online_match_02\frame_0312.jpg,0.802,539.5,126.1,566.3,149.3
online_match_02/frame_0316.jpg,data\frames_dense\online_match_02\frame_0316.jpg,0.628,312.9,113.1,335.9,136.5
online_match_02/frame_0318.jpg,data\frames_dense\online_match_02\frame_0318.jpg,0.461,279.5,140.2,302.4,161.0
online_match_02/frame_0322.jpg,data\frames_dense\online_match_02\frame_0322.jpg,0.363,409.2,61.2,429.0,79.0
online_match_02/frame_0324.jpg,data\frames_dense\online_match_02\frame_0324.jpg,0.504,462.7,164.4,480.9,182.1
online_match_02/frame_0382.jpg,data\frames_dense\online_match_02\frame_0382.jpg,0.28,1259.4,341.1,1278.3,361.3
online_match_02/frame_0384.jpg,data\frames_dense\online_match_02\frame_0384.jpg,0.37,1242.2,344.6,1263.3,364.1
online_match_02/frame_0389.jpg,data\frames_dense\online_match_02\frame_0389.jpg,0.468,1191.8,342.9,1211.6,363.2
online_match_02/frame_0390.jpg,data\frames_dense\online_match_02\frame_0390.jpg,0.428,1182.0,343.0,1203.3,362.4
online_match_02/frame_0392.jpg,data\frames_dense\online_match_02\frame_0392.jpg,0.388,1258.9,527.1,1279.1,549.3
online_match_02/frame_0397.jpg,data\frames_dense\online_match_02\frame_0397.jpg,0.296,1131.0,351.0,1152.4,370.9
online_match_02/frame_0398.jpg,data\frames_dense\online_match_02\frame_0398.jpg,0.606,1132.2,352.1,1152.7,370.5
online_match_02/frame_0398.jpg,data\frames_dense\online_match_02\frame_0398.jpg,0.278,1100.5,474.4,1120.2,494.0
online_match_02/frame_0400.jpg,data\frames_dense\online_match_02\frame_0400.jpg,0.411,1131.2,352.8,1148.0,369.1
online_match_02/frame_0401.jpg,data\frames_dense\online_match_02\frame_0401.jpg,0.527,1067.4,456.1,1086.3,474.1
online_match_02/frame_0401.jpg,data\frames_dense\online_match_02\frame_0401.jpg,0.301,1051.8,451.3,1076.2,471.6
online_match_02/frame_0406.jpg,data\frames_dense\online_match_02\frame_0406.jpg,0.535,1141.1,387.0,1158.8,405.6
online_match_02/frame_0406.jpg,data\frames_dense\online_match_02\frame_0406.jpg,0.36,983.1,425.1,1006.3,447.0
online_match_02/frame_0410.jpg,data\frames_dense\online_match_02\frame_0410.jpg,0.395,1138.1,387.1,1159.8,406.3
online_match_02/frame_0411.jpg,data\frames_dense\online_match_02\frame_0411.jpg,0.662,1137.0,387.6,1156.4,405.8
online_match_02/frame_0412.jpg,data\frames_dense\online_match_02\frame_0412.jpg,0.729,1139.4,387.8,1157.4,405.3
online_match_02/frame_0412.jpg,data\frames_dense\online_match_02\frame_0412.jpg,0.515,925.9,410.3,948.3,430.6
online_match_02/frame_0413.jpg,data\frames_dense\online_match_02\frame_0413.jpg,0.783,1139.5,387.8,1156.5,404.8
online_match_02/frame_0413.jpg,data\frames_dense\online_match_02\frame_0413.jpg,0.362,918.0,411.0,941.0,431.7
online_match_02/frame_0415.jpg,data\frames_dense\online_match_02\frame_0415.jpg,0.694,1137.1,386.8,1156.7,405.1
online_match_02/frame_0416.jpg,data\frames_dense\online_match_02\frame_0416.jpg,0.356,1137.1,385.9,1156.7,405.0
online_match_02/frame_0424.jpg,data\frames_dense\online_match_02\frame_0424.jpg,0.413,917.6,411.5,940.1,432.0
online_match_02/frame_0425.jpg,data\frames_dense\online_match_02\frame_0425.jpg,0.434,917.1,410.5,940.8,432.2
online_match_02/frame_0426.jpg,data\frames_dense\online_match_02\frame_0426.jpg,0.368,916.7,410.5,940.5,432.3
online_match_02/frame_0427.jpg,data\frames_dense\online_match_02\frame_0427.jpg,0.401,916.9,410.3,940.2,431.7
online_match_02/frame_0428.jpg,data\frames_dense\online_match_02\frame_0428.jpg,0.438,917.0,410.3,940.2,431.5
online_match_02/frame_0429.jpg,data\frames_dense\online_match_02\frame_0429.jpg,0.474,916.9,410.4,940.3,431.7
online_match_02/frame_0430.jpg,data\frames_dense\online_match_02\frame_0430.jpg,0.361,915.2,409.5,938.5,431.6
online_match_02/frame_0431.jpg,data\frames_dense\online_match_02\frame_0431.jpg,0.362,914.8,409.1,938.5,431.5
online_match_02/frame_0432.jpg,data\frames_dense\online_match_02\frame_0432.jpg,0.259,913.7,410.5,937.1,431.3
online_match_02/frame_0433.jpg,data\frames_dense\online_match_02\frame_0433.jpg,0.417,912.5,411.5,934.8,431.4
online_match_02/frame_0434.jpg,data\frames_dense\online_match_02\frame_0434.jpg,0.424,911.5,412.1,934.1,432.5
online_match_02/frame_0435.jpg,data\frames_dense\online_match_02\frame_0435.jpg,0.381,911.7,411.7,934.7,432.5
online_match_03/frame_0014.jpg,data\frames_dense\online_match_03\frame_0014.jpg,0.552,246.8,390.9,272.4,415.4
online_match_03/frame_0015.jpg,data\frames_dense\online_match_03\frame_0015.jpg,0.576,232.6,388.9,255.7,412.4
online_match_03/frame_0026.jpg,data\frames_dense\online_match_03\frame_0026.jpg,0.395,2.2,211.1,27.0,235.0
online_match_03/frame_0037.jpg,data\frames_dense\online_match_03\frame_0037.jpg,0.505,116.4,386.2,133.3,402.7
online_match_03/frame_0040.jpg,data\frames_dense\online_match_03\frame_0040.jpg,0.495,132.4,360.0,150.8,378.4
online_match_03/frame_0041.jpg,data\frames_dense\online_match_03\frame_0041.jpg,0.686,150.5,409.8,171.0,429.6
online_match_03/frame_0043.jpg,data\frames_dense\online_match_03\frame_0043.jpg,0.806,153.0,402.0,172.9,420.9
online_match_03/frame_0044.jpg,data\frames_dense\online_match_03\frame_0044.jpg,0.871,157.5,389.6,176.5,408.4
online_match_03/frame_0054.jpg,data\frames_dense\online_match_03\frame_0054.jpg,0.428,146.2,381.0,164.5,397.6
online_match_03/frame_0056.jpg,data\frames_dense\online_match_03\frame_0056.jpg,0.721,144.4,397.1,162.9,414.8
online_match_03/frame_0058.jpg,data\frames_dense\online_match_03\frame_0058.jpg,0.354,123.1,431.5,144.8,452.3
online_match_03/frame_0059.jpg,data\frames_dense\online_match_03\frame_0059.jpg,0.537,213.4,249.3,233.2,269.0
online_match_03/frame_0061.jpg,data\frames_dense\online_match_03\frame_0061.jpg,0.623,192.4,287.3,214.3,306.9
online_match_03/frame_0065.jpg,data\frames_dense\online_match_03\frame_0065.jpg,0.749,813.8,153.8,831.4,170.5
online_match_03/frame_0072.jpg,data\frames_dense\online_match_03\frame_0072.jpg,0.579,807.2,219.1,825.7,237.7
online_match_03/frame_0075.jpg,data\frames_dense\online_match_03\frame_0075.jpg,0.736,955.0,352.7,976.9,374.5
online_match_03/frame_0124.jpg,data\frames_dense\online_match_03\frame_0124.jpg,0.307,0.0,367.5,14.6,384.8
online_match_03/frame_0125.jpg,data\frames_dense\online_match_03\frame_0125.jpg,0.719,96.8,382.6,119.0,402.3
online_match_03/frame_0127.jpg,data\frames_dense\online_match_03\frame_0127.jpg,0.262,236.0,359.3,255.3,378.6
online_match_03/frame_0130.jpg,data\frames_dense\online_match_03\frame_0130.jpg,0.566,196.9,371.3,217.9,392.2
online_match_03/frame_0135.jpg,data\frames_dense\online_match_03\frame_0135.jpg,0.394,93.5,377.5,111.2,393.8
online_match_03/frame_0139.jpg,data\frames_dense\online_match_03\frame_0139.jpg,0.687,43.6,375.8,63.8,396.3
online_match_03/frame_0141.jpg,data\frames_dense\online_match_03\frame_0141.jpg,0.656,56.1,360.6,74.7,379.1
online_match_03/frame_0145.jpg,data\frames_dense\online_match_03\frame_0145.jpg,0.637,113.8,351.9,132.6,368.9
online_match_03/frame_0147.jpg,data\frames_dense\online_match_03\frame_0147.jpg,0.565,125.3,342.6,142.8,359.5
online_match_03/frame_0148.jpg,data\frames_dense\online_match_03\frame_0148.jpg,0.763,147.9,390.4,169.0,410.8
online_match_03/frame_0149.jpg,data\frames_dense\online_match_03\frame_0149.jpg,0.612,148.4,364.0,167.5,381.5
online_match_03/frame_0151.jpg,data\frames_dense\online_match_03\frame_0151.jpg,0.74,158.0,399.0,179.7,420.0
online_match_03/frame_0151.jpg,data\frames_dense\online_match_03\frame_0151.jpg,0.558,141.9,340.9,156.8,355.5
online_match_03/frame_0152.jpg,data\frames_dense\online_match_03\frame_0152.jpg,0.682,160.3,380.0,181.1,398.8
online_match_03/frame_0153.jpg,data\frames_dense\online_match_03\frame_0153.jpg,0.676,149.6,363.8,169.1,382.0
online_match_03/frame_0154.jpg,data\frames_dense\online_match_03\frame_0154.jpg,0.564,144.3,332.6,162.2,349.7
online_match_03/frame_0155.jpg,data\frames_dense\online_match_03\frame_0155.jpg,0.64,130.2,325.1,146.5,342.1
online_match_03/frame_0156.jpg,data\frames_dense\online_match_03\frame_0156.jpg,0.339,112.3,324.7,130.9,343.1
online_match_03/frame_0157.jpg,data\frames_dense\online_match_03\frame_0157.jpg,0.706,109.3,322.9,127.0,340.3
online_match_03/frame_0159.jpg,data\frames_dense\online_match_03\frame_0159.jpg,0.631,130.7,352.5,148.8,369.1
online_match_03/frame_0161.jpg,data\frames_dense\online_match_03\frame_0161.jpg,0.663,142.9,364.5,160.2,381.7
online_match_03/frame_0163.jpg,data\frames_dense\online_match_03\frame_0163.jpg,0.757,180.0,385.1,199.2,403.2
online_match_03/frame_0167.jpg,data\frames_dense\online_match_03\frame_0167.jpg,0.507,294.0,234.2,311.4,250.4
online_match_03/frame_0170.jpg,data\frames_dense\online_match_03\frame_0170.jpg,0.286,748.8,356.9,768.2,376.4
online_match_03/frame_0171.jpg,data\frames_dense\online_match_03\frame_0171.jpg,0.694,732.5,167.2,751.4,185.4
online_match_03/frame_0177.jpg,data\frames_dense\online_match_03\frame_0177.jpg,0.541,619.1,273.1,645.8,298.0
online_match_03/frame_0179.jpg,data\frames_dense\online_match_03\frame_0179.jpg,0.767,233.1,357.0,255.0,378.6
online_match_03/frame_0188.jpg,data\frames_dense\online_match_03\frame_0188.jpg,0.314,731.0,359.9,753.5,381.1
online_match_03/frame_0219.jpg,data\frames_dense\online_match_03\frame_0219.jpg,0.531,154.9,429.6,180.0,453.1
online_match_03/frame_0220.jpg,data\frames_dense\online_match_03\frame_0220.jpg,0.317,207.5,391.1,229.2,411.3
online_match_03/frame_0225.jpg,data\frames_dense\online_match_03\frame_0225.jpg,0.307,45.6,220.4,68.6,241.7
online_match_03/frame_0227.jpg,data\frames_dense\online_match_03\frame_0227.jpg,0.676,0.0,419.0,15.8,437.9
online_match_03/frame_0227.jpg,data\frames_dense\online_match_03\frame_0227.jpg,0.612,717.9,321.9,735.7,339.7
online_match_03/frame_0229.jpg,data\frames_dense\online_match_03\frame_0229.jpg,0.562,47.9,315.5,69.0,335.0
online_match_03/frame_0231.jpg,data\frames_dense\online_match_03\frame_0231.jpg,0.492,64.8,411.6,89.1,433.4
online_match_03/frame_0233.jpg,data\frames_dense\online_match_03\frame_0233.jpg,0.581,78.0,380.6,98.2,400.3
online_match_03/frame_0234.jpg,data\frames_dense\online_match_03\frame_0234.jpg,0.444,97.4,351.8,116.8,368.8
online_match_03/frame_0237.jpg,data\frames_dense\online_match_03\frame_0237.jpg,0.702,145.6,337.8,164.8,355.4
online_match_03/frame_0238.jpg,data\frames_dense\online_match_03\frame_0238.jpg,0.756,147.5,341.3,164.1,357.9
online_match_03/frame_0239.jpg,data\frames_dense\online_match_03\frame_0239.jpg,0.468,139.3,336.3,154.7,352.6
online_match_03/frame_0240.jpg,data\frames_dense\online_match_03\frame_0240.jpg,0.549,148.2,362.3,165.2,379.1
online_match_03/frame_0241.jpg,data\frames_dense\online_match_03\frame_0241.jpg,0.619,156.2,365.1,173.8,381.7
online_match_03/frame_0242.jpg,data\frames_dense\online_match_03\frame_0242.jpg,0.703,160.9,400.2,182.4,420.6
online_match_03/frame_0243.jpg,data\frames_dense\online_match_03\frame_0243.jpg,0.663,158.1,363.7,175.0,380.3
online_match_03/frame_0244.jpg,data\frames_dense\online_match_03\frame_0244.jpg,0.895,176.3,385.8,197.5,405.5
online_match_03/frame_0245.jpg,data\frames_dense\online_match_03\frame_0245.jpg,0.717,178.3,362.7,199.9,382.8
online_match_03/frame_0246.jpg,data\frames_dense\online_match_03\frame_0246.jpg,0.629,164.7,361.2,185.8,381.5
online_match_03/frame_0247.jpg,data\frames_dense\online_match_03\frame_0247.jpg,0.637,159.4,337.9,176.7,353.7
online_match_03/frame_0248.jpg,data\frames_dense\online_match_03\frame_0248.jpg,0.462,144.0,322.6,160.9,338.9
online_match_03/frame_0252.jpg,data\frames_dense\online_match_03\frame_0252.jpg,0.812,155.4,355.8,172.3,373.3
online_match_03/frame_0258.jpg,data\frames_dense\online_match_03\frame_0258.jpg,0.815,237.1,225.7,254.7,243.3
online_match_03/frame_0259.jpg,data\frames_dense\online_match_03\frame_0259.jpg,0.712,238.5,272.8,255.2,289.3
online_match_03/frame_0261.jpg,data\frames_dense\online_match_03\frame_0261.jpg,0.376,878.3,338.4,895.7,355.8
online_match_03/frame_0262.jpg,data\frames_dense\online_match_03\frame_0262.jpg,0.66,1079.0,443.4,1103.7,467.7
online_match_03/frame_0262.jpg,data\frames_dense\online_match_03\frame_0262.jpg,0.258,1076.8,441.6,1107.1,470.6
online_match_03/frame_0269.jpg,data\frames_dense\online_match_03\frame_0269.jpg,0.667,1231.0,410.3,1259.7,435.5
online_match_03/frame_0270.jpg,data\frames_dense\online_match_03\frame_0270.jpg,0.462,1206.5,352.8,1229.5,374.5
online_match_03/frame_0271.jpg,data\frames_dense\online_match_03\frame_0271.jpg,0.805,1162.4,355.9,1184.7,379.4
online_match_03/frame_0272.jpg,data\frames_dense\online_match_03\frame_0272.jpg,0.886,1118.9,415.1,1146.4,439.7
online_match_03/frame_0273.jpg,data\frames_dense\online_match_03\frame_0273.jpg,0.86,1089.1,368.3,1112.5,389.6
online_match_03/frame_0274.jpg,data\frames_dense\online_match_03\frame_0274.jpg,0.859,1053.5,384.1,1078.1,405.9
online_match_03/frame_0275.jpg,data\frames_dense\online_match_03\frame_0275.jpg,0.591,1024.6,392.6,1045.9,411.8
online_match_03/frame_0276.jpg,data\frames_dense\online_match_03\frame_0276.jpg,0.347,996.6,382.2,1020.5,404.5
online_match_03/frame_0277.jpg,data\frames_dense\online_match_03\frame_0277.jpg,0.734,956.9,389.8,980.6,412.5
online_match_03/frame_0278.jpg,data\frames_dense\online_match_03\frame_0278.jpg,0.812,936.5,386.5,962.2,411.9
online_match_03/frame_0281.jpg,data\frames_dense\online_match_03\frame_0281.jpg,0.482,862.8,396.4,882.7,415.5
online_match_03/frame_0289.jpg,data\frames_dense\online_match_03\frame_0289.jpg,0.629,1078.5,344.8,1099.8,365.7
online_match_03/frame_0291.jpg,data\frames_dense\online_match_03\frame_0291.jpg,0.562,1106.9,345.4,1131.4,366.5
online_match_03/frame_0292.jpg,data\frames_dense\online_match_03\frame_0292.jpg,0.788,1122.1,386.7,1146.5,409.4
online_match_03/frame_0294.jpg,data\frames_dense\online_match_03\frame_0294.jpg,0.704,1135.6,393.1,1157.7,413.8
online_match_03/frame_0300.jpg,data\frames_dense\online_match_03\frame_0300.jpg,0.6,1121.4,346.1,1141.3,364.6
online_match_03/frame_0303.jpg,data\frames_dense\online_match_03\frame_0303.jpg,0.287,1107.4,336.7,1125.5,352.7
online_match_03/frame_0308.jpg,data\frames_dense\online_match_03\frame_0308.jpg,0.404,1066.5,324.6,1083.8,341.9
online_match_03/frame_0309.jpg,data\frames_dense\online_match_03\frame_0309.jpg,0.59,1064.3,321.8,1082.4,338.5
online_match_03/frame_0311.jpg,data\frames_dense\online_match_03\frame_0311.jpg,0.578,1056.3,326.0,1075.7,344.8
online_match_03/frame_0313.jpg,data\frames_dense\online_match_03\frame_0313.jpg,0.621,1045.6,327.0,1066.6,345.8
online_match_03/frame_0316.jpg,data\frames_dense\online_match_03\frame_0316.jpg,0.449,1023.5,310.6,1044.9,330.5
online_match_03/frame_0317.jpg,data\frames_dense\online_match_03\frame_0317.jpg,0.754,994.2,232.1,1013.1,249.9
online_match_03/frame_0325.jpg,data\frames_dense\online_match_03\frame_0325.jpg,0.465,728.9,394.7,750.9,414.4
online_match_03/frame_0326.jpg,data\frames_dense\online_match_03\frame_0326.jpg,0.526,793.8,461.5,817.5,483.5
online_match_03/frame_0334.jpg,data\frames_dense\online_match_03\frame_0334.jpg,0.478,953.9,392.6,976.1,413.5
online_match_03/frame_0336.jpg,data\frames_dense\online_match_03\frame_0336.jpg,0.255,498.8,254.9,518.0,272.7
online_match_03/frame_0340.jpg,data\frames_dense\online_match_03\frame_0340.jpg,0.474,1149.4,349.8,1173.2,370.9
online_match_03/frame_0349.jpg,data\frames_dense\online_match_03\frame_0349.jpg,0.304,965.6,390.8,988.2,413.0
online_match_03/frame_0351.jpg,data\frames_dense\online_match_03\frame_0351.jpg,0.459,139.0,275.1,161.0,296.4
online_match_03/frame_0352.jpg,data\frames_dense\online_match_03\frame_0352.jpg,0.561,132.9,288.2,153.8,309.4
online_match_03/frame_0352.jpg,data\frames_dense\online_match_03\frame_0352.jpg,0.339,1213.5,383.2,1239.6,406.3
online_match_03/frame_0353.jpg,data\frames_dense\online_match_03\frame_0353.jpg,0.327,1196.7,385.5,1217.9,406.5
online_match_03/frame_0364.jpg,data\frames_dense\online_match_03\frame_0364.jpg,0.765,43.0,403.8,69.7,429.5
online_match_03/frame_0365.jpg,data\frames_dense\online_match_03\frame_0365.jpg,0.779,42.9,370.1,64.5,391.8
online_match_03/frame_0368.jpg,data\frames_dense\online_match_03\frame_0368.jpg,0.803,33.1,369.0,55.4,389.4
online_match_03/frame_0369.jpg,data\frames_dense\online_match_03\frame_0369.jpg,0.689,54.1,383.6,73.6,402.7
online_match_03/frame_0372.jpg,data\frames_dense\online_match_03\frame_0372.jpg,0.725,72.2,400.7,91.6,420.4
online_match_03/frame_0374.jpg,data\frames_dense\online_match_03\frame_0374.jpg,0.709,95.0,372.4,112.9,390.3
online_match_03/frame_0376.jpg,data\frames_dense\online_match_03\frame_0376.jpg,0.638,115.7,363.1,132.0,379.1
online_match_03/frame_0378.jpg,data\frames_dense\online_match_03\frame_0378.jpg,0.446,156.9,349.7,172.3,364.8
online_match_03/frame_0381.jpg,data\frames_dense\online_match_03\frame_0381.jpg,0.601,206.3,380.8,223.4,397.7
online_match_03/frame_0382.jpg,data\frames_dense\online_match_03\frame_0382.jpg,0.692,213.1,379.0,229.7,395.1
online_match_03/frame_0383.jpg,data\frames_dense\online_match_03\frame_0383.jpg,0.77,209.8,384.1,228.7,401.2
online_match_03/frame_0384.jpg,data\frames_dense\online_match_03\frame_0384.jpg,0.849,208.1,388.3,225.7,405.9
online_match_03/frame_0385.jpg,data\frames_dense\online_match_03\frame_0385.jpg,0.782,208.7,373.2,226.4,390.0
online_match_03/frame_0387.jpg,data\frames_dense\online_match_03\frame_0387.jpg,0.395,182.1,348.4,196.8,362.6
online_match_03/frame_0388.jpg,data\frames_dense\online_match_03\frame_0388.jpg,0.309,171.6,355.3,185.1,368.5
online_match_03/frame_0390.jpg,data\frames_dense\online_match_03\frame_0390.jpg,0.334,164.6,339.7,178.4,353.3
online_match_03/frame_0393.jpg,data\frames_dense\online_match_03\frame_0393.jpg,0.346,159.9,331.7,177.1,347.4
online_match_03/frame_0404.jpg,data\frames_dense\online_match_03\frame_0404.jpg,0.411,502.5,380.8,520.9,398.9
online_match_03/frame_0405.jpg,data\frames_dense\online_match_03\frame_0405.jpg,0.622,444.0,385.0,460.7,401.6
online_match_03/frame_0407.jpg,data\frames_dense\online_match_03\frame_0407.jpg,0.505,846.2,363.5,869.4,384.4
online_match_03/frame_0408.jpg,data\frames_dense\online_match_03\frame_0408.jpg,0.833,429.3,370.7,448.9,390.1
online_match_03/frame_0411.jpg,data\frames_dense\online_match_03\frame_0411.jpg,0.267,401.7,366.8,421.6,384.0
online_match_03/frame_0416.jpg,data\frames_dense\online_match_03\frame_0416.jpg,0.833,235.6,449.8,262.9,475.4
online_match_03/frame_0417.jpg,data\frames_dense\online_match_03\frame_0417.jpg,0.765,102.0,459.9,129.3,485.2
online_match_03/frame_0422.jpg,data\frames_dense\online_match_03\frame_0422.jpg,0.831,1165.5,369.5,1187.5,390.7
online_match_03/frame_0425.jpg,data\frames_dense\online_match_03\frame_0425.jpg,0.481,1199.8,366.4,1221.7,385.7
online_match_03/frame_0426.jpg,data\frames_dense\online_match_03\frame_0426.jpg,0.568,1236.9,410.2,1260.3,431.9
online_match_03/frame_0433.jpg,data\frames_dense\online_match_03\frame_0433.jpg,0.389,846.9,356.5,870.4,378.6
online_match_03/frame_0434.jpg,data\frames_dense\online_match_03\frame_0434.jpg,0.437,658.8,383.0,679.2,401.1
online_match_03/frame_0442.jpg,data\frames_dense\online_match_03\frame_0442.jpg,0.321,0.0,336.7,14.6,353.4
online_match_03/frame_0451.jpg,data\frames_dense\online_match_03\frame_0451.jpg,0.546,1267.1,402.3,1280.0,420.4
online_match_03/frame_0452.jpg,data\frames_dense\online_match_03\frame_0452.jpg,0.381,1255.7,353.1,1277.9,375.1
online_match_03/frame_0453.jpg,data\frames_dense\online_match_03\frame_0453.jpg,0.847,1234.9,387.0,1254.9,406.2
online_match_03/frame_0454.jpg,data\frames_dense\online_match_03\frame_0454.jpg,0.69,1207.3,392.3,1229.6,413.7
online_match_03/frame_0456.jpg,data\frames_dense\online_match_03\frame_0456.jpg,0.601,1181.9,395.9,1206.0,418.3
online_match_03/frame_0457.jpg,data\frames_dense\online_match_03\frame_0457.jpg,0.36,1188.5,352.0,1205.5,368.9
online_match_03/frame_0459.jpg,data\frames_dense\online_match_03\frame_0459.jpg,0.543,1168.6,343.2,1189.8,362.3
online_match_03/frame_0460.jpg,data\frames_dense\online_match_03\frame_0460.jpg,0.311,1155.3,336.9,1175.0,356.3
online_match_03/frame_0462.jpg,data\frames_dense\online_match_03\frame_0462.jpg,0.662,1139.5,338.4,1159.4,357.7
online_match_03/frame_0464.jpg,data\frames_dense\online_match_03\frame_0464.jpg,0.725,1124.4,371.4,1145.7,393.1
online_match_03/frame_0470.jpg,data\frames_dense\online_match_03\frame_0470.jpg,0.725,978.4,200.9,995.9,216.6
online_match_03/frame_0474.jpg,data\frames_dense\online_match_03\frame_0474.jpg,0.527,477.6,109.6,495.2,126.8
online_match_03/frame_0475.jpg,data\frames_dense\online_match_03\frame_0475.jpg,0.302,509.8,52.5,524.3,67.2
online_match_03/frame_0476.jpg,data\frames_dense\online_match_03\frame_0476.jpg,0.85,558.8,50.5,576.4,68.6
online_match_03/frame_0480.jpg,data\frames_dense\online_match_03\frame_0480.jpg,0.699,598.8,403.5,617.6,422.8
online_match_03/frame_0485.jpg,data\frames_dense\online_match_03\frame_0485.jpg,0.788,366.7,401.1,384.5,419.0
online_match_03/frame_0488.jpg,data\frames_dense\online_match_03\frame_0488.jpg,0.513,323.4,420.1,342.2,439.2
online_match_03/frame_0492.jpg,data\frames_dense\online_match_03\frame_0492.jpg,0.707,208.1,377.4,229.5,397.6
online_match_03/frame_0493.jpg,data\frames_dense\online_match_03\frame_0493.jpg,0.797,129.2,367.0,152.7,388.9
online_match_03/frame_0494.jpg,data\frames_dense\online_match_03\frame_0494.jpg,0.612,100.2,368.6,121.1,389.5
online_match_04/frame_0000.jpg,data\frames_dense\online_match_04\frame_0000.jpg,0.794,1122.7,385.2,1141.9,403.5
online_match_04/frame_0001.jpg,data\frames_dense\online_match_04\frame_0001.jpg,0.75,1138.5,354.6,1157.9,373.5
online_match_04/frame_0002.jpg,data\frames_dense\online_match_04\frame_0002.jpg,0.456,1145.6,346.5,1164.9,364.0
online_match_04/frame_0004.jpg,data\frames_dense\online_match_04\frame_0004.jpg,0.609,1145.5,341.7,1163.2,359.6
online_match_04/frame_0005.jpg,data\frames_dense\online_match_04\frame_0005.jpg,0.405,1138.2,337.7,1160.1,360.3
online_match_04/frame_0005.jpg,data\frames_dense\online_match_04\frame_0005.jpg,0.393,1138.0,324.3,1157.5,343.6
online_match_04/frame_0006.jpg,data\frames_dense\online_match_04\frame_0006.jpg,0.484,1125.0,341.9,1147.4,362.5
online_match_04/frame_0008.jpg,data\frames_dense\online_match_04\frame_0008.jpg,0.751,1075.8,368.1,1096.0,388.0
online_match_04/frame_0014.jpg,data\frames_dense\online_match_04\frame_0014.jpg,0.769,436.8,297.3,457.1,317.6
online_match_04/frame_0015.jpg,data\frames_dense\online_match_04\frame_0015.jpg,0.689,526.9,154.5,550.2,175.6
online_match_04/frame_0020.jpg,data\frames_dense\online_match_04\frame_0020.jpg,0.752,674.9,164.6,695.1,184.3
online_match_04/frame_0025.jpg,data\frames_dense\online_match_04\frame_0025.jpg,0.543,719.3,203.5,740.0,222.3
online_match_04/frame_0027.jpg,data\frames_dense\online_match_04\frame_0027.jpg,0.535,705.3,192.1,726.0,212.0
online_match_04/frame_0029.jpg,data\frames_dense\online_match_04\frame_0029.jpg,0.864,699.0,33.9,720.6,54.9
online_match_04/frame_0030.jpg,data\frames_dense\online_match_04\frame_0030.jpg,0.404,688.4,96.8,708.6,116.4
online_match_04/frame_0035.jpg,data\frames_dense\online_match_04\frame_0035.jpg,0.357,508.1,201.0,528.8,220.9
online_match_04/frame_0036.jpg,data\frames_dense\online_match_04\frame_0036.jpg,0.739,494.0,65.5,511.8,82.7
online_match_04/frame_0039.jpg,data\frames_dense\online_match_04\frame_0039.jpg,0.63,450.6,110.0,469.7,128.1
online_match_04/frame_0044.jpg,data\frames_dense\online_match_04\frame_0044.jpg,0.311,398.9,292.7,420.3,314.2
online_match_04/frame_0045.jpg,data\frames_dense\online_match_04\frame_0045.jpg,0.77,389.6,403.1,413.8,428.2
online_match_04/frame_0047.jpg,data\frames_dense\online_match_04\frame_0047.jpg,0.664,373.9,360.7,394.8,381.4
online_match_04/frame_0048.jpg,data\frames_dense\online_match_04\frame_0048.jpg,0.677,363.0,389.6,390.0,415.4
online_match_04/frame_0050.jpg,data\frames_dense\online_match_04\frame_0050.jpg,0.711,346.7,406.1,373.9,431.6
online_match_04/frame_0052.jpg,data\frames_dense\online_match_04\frame_0052.jpg,0.715,332.9,440.6,355.8,462.1
online_match_04/frame_0053.jpg,data\frames_dense\online_match_04\frame_0053.jpg,0.78,320.2,467.2,347.4,492.6
online_match_04/frame_0055.jpg,data\frames_dense\online_match_04\frame_0055.jpg,0.718,285.7,407.9,310.6,430.8
online_match_04/frame_0057.jpg,data\frames_dense\online_match_04\frame_0057.jpg,0.579,247.9,362.3,266.8,380.7
online_match_04/frame_0066.jpg,data\frames_dense\online_match_04\frame_0066.jpg,0.468,14.8,483.0,49.6,511.7
online_match_04/frame_0068.jpg,data\frames_dense\online_match_04\frame_0068.jpg,0.285,183.9,390.8,205.9,411.8
online_match_04/frame_0069.jpg,data\frames_dense\online_match_04\frame_0069.jpg,0.516,183.4,391.9,205.6,412.6
online_match_04/frame_0071.jpg,data\frames_dense\online_match_04\frame_0071.jpg,0.747,140.2,421.8,164.9,445.1
online_match_04/frame_0072.jpg,data\frames_dense\online_match_04\frame_0072.jpg,0.747,130.2,401.2,154.5,423.3
online_match_04/frame_0074.jpg,data\frames_dense\online_match_04\frame_0074.jpg,0.512,89.6,363.9,111.8,384.9
online_match_04/frame_0075.jpg,data\frames_dense\online_match_04\frame_0075.jpg,0.622,66.6,441.2,92.8,465.1
online_match_04/frame_0078.jpg,data\frames_dense\online_match_04\frame_0078.jpg,0.643,47.1,414.2,69.9,435.3
online_match_04/frame_0079.jpg,data\frames_dense\online_match_04\frame_0079.jpg,0.685,52.5,384.4,71.3,402.5
online_match_04/frame_0081.jpg,data\frames_dense\online_match_04\frame_0081.jpg,0.504,38.5,386.3,62.1,409.2
online_match_04/frame_0082.jpg,data\frames_dense\online_match_04\frame_0082.jpg,0.525,68.0,376.2,88.8,395.7
online_match_04/frame_0084.jpg,data\frames_dense\online_match_04\frame_0084.jpg,0.785,109.1,376.3,132.2,398.0
online_match_04/frame_0085.jpg,data\frames_dense\online_match_04\frame_0085.jpg,0.816,114.6,433.8,135.6,454.2
online_match_04/frame_0087.jpg,data\frames_dense\online_match_04\frame_0087.jpg,0.484,123.9,363.3,146.0,385.0
online_match_04/frame_0087.jpg,data\frames_dense\online_match_04\frame_0087.jpg,0.265,125.0,416.4,141.7,433.0
online_match_04/frame_0088.jpg,data\frames_dense\online_match_04\frame_0088.jpg,0.663,138.4,428.9,159.4,449.3
online_match_04/frame_0103.jpg,data\frames_dense\online_match_04\frame_0103.jpg,0.797,143.7,418.0,163.2,437.2
online_match_04/frame_0104.jpg,data\frames_dense\online_match_04\frame_0104.jpg,0.763,142.4,398.5,164.4,419.5
online_match_04/frame_0105.jpg,data\frames_dense\online_match_04\frame_0105.jpg,0.726,150.4,421.5,170.0,442.5
online_match_04/frame_0106.jpg,data\frames_dense\online_match_04\frame_0106.jpg,0.813,144.1,390.6,165.1,410.8
online_match_04/frame_0107.jpg,data\frames_dense\online_match_04\frame_0107.jpg,0.677,151.2,429.4,173.5,450.6
online_match_04/frame_0107.jpg,data\frames_dense\online_match_04\frame_0107.jpg,0.382,149.0,427.9,174.9,454.5
online_match_04/frame_0109.jpg,data\frames_dense\online_match_04\frame_0109.jpg,0.859,154.5,432.8,177.0,454.4
online_match_04/frame_0111.jpg,data\frames_dense\online_match_04\frame_0111.jpg,0.682,149.4,377.9,169.6,397.1
online_match_04/frame_0113.jpg,data\frames_dense\online_match_04\frame_0113.jpg,0.512,116.9,397.2,140.3,420.1
online_match_04/frame_0115.jpg,data\frames_dense\online_match_04\frame_0115.jpg,0.765,187.1,434.5,208.1,455.2
online_match_04/frame_0117.jpg,data\frames_dense\online_match_04\frame_0117.jpg,0.622,206.5,306.3,225.1,325.2
online_match_04/frame_0118.jpg,data\frames_dense\online_match_04\frame_0118.jpg,0.81,207.4,277.5,230.3,299.4
online_match_04/frame_0120.jpg,data\frames_dense\online_match_04\frame_0120.jpg,0.753,668.2,322.5,686.9,340.6
online_match_04/frame_0123.jpg,data\frames_dense\online_match_04\frame_0123.jpg,0.797,911.9,162.1,928.3,178.4
online_match_04/frame_0124.jpg,data\frames_dense\online_match_04\frame_0124.jpg,0.651,891.3,141.4,910.2,159.4
online_match_04/frame_0129.jpg,data\frames_dense\online_match_04\frame_0129.jpg,0.668,768.0,111.3,788.1,129.0
online_match_04/frame_0130.jpg,data\frames_dense\online_match_04\frame_0130.jpg,0.605,748.9,144.7,767.2,161.7
online_match_04/frame_0132.jpg,data\frames_dense\online_match_04\frame_0132.jpg,0.604,732.5,346.9,753.8,367.4
online_match_04/frame_0133.jpg,data\frames_dense\online_match_04\frame_0133.jpg,0.687,739.4,409.7,763.5,431.7
online_match_04/frame_0135.jpg,data\frames_dense\online_match_04\frame_0135.jpg,0.659,726.5,450.9,746.2,470.7
online_match_04/frame_0136.jpg,data\frames_dense\online_match_04\frame_0136.jpg,0.677,713.2,415.6,735.4,436.7
online_match_04/frame_0138.jpg,data\frames_dense\online_match_04\frame_0138.jpg,0.908,816.3,354.6,839.6,377.4
online_match_04/frame_0140.jpg,data\frames_dense\online_match_04\frame_0140.jpg,0.529,731.6,296.8,749.2,314.4
online_match_04/frame_0141.jpg,data\frames_dense\online_match_04\frame_0141.jpg,0.547,693.8,351.5,715.2,372.5
online_match_04/frame_0142.jpg,data\frames_dense\online_match_04\frame_0142.jpg,0.54,668.4,349.1,687.2,367.9
online_match_04/frame_0145.jpg,data\frames_dense\online_match_04\frame_0145.jpg,0.715,633.8,360.8,653.1,379.5
online_match_04/frame_0145.jpg,data\frames_dense\online_match_04\frame_0145.jpg,0.262,824.4,388.6,847.9,411.1
online_match_04/frame_0147.jpg,data\frames_dense\online_match_04\frame_0147.jpg,0.434,0.0,352.0,11.8,368.6
online_match_04/frame_0147.jpg,data\frames_dense\online_match_04\frame_0147.jpg,0.274,683.4,68.6,696.7,80.6
online_match_04/frame_0148.jpg,data\frames_dense\online_match_04\frame_0148.jpg,0.281,683.5,68.8,696.8,80.6
online_match_04/frame_0154.jpg,data\frames_dense\online_match_04\frame_0154.jpg,0.455,234.5,348.6,253.4,366.7
online_match_04/frame_0174.jpg,data\frames_dense\online_match_04\frame_0174.jpg,0.405,158.4,381.7,181.1,403.9
online_match_04/frame_0175.jpg,data\frames_dense\online_match_04\frame_0175.jpg,0.442,254.3,449.5,275.9,470.1
online_match_04/frame_0178.jpg,data\frames_dense\online_match_04\frame_0178.jpg,0.644,235.1,392.2,257.0,413.7
online_match_04/frame_0179.jpg,data\frames_dense\online_match_04\frame_0179.jpg,0.694,205.5,376.0,229.5,398.4
online_match_04/frame_0181.jpg,data\frames_dense\online_match_04\frame_0181.jpg,0.848,139.8,420.7,164.1,444.5
online_match_04/frame_0182.jpg,data\frames_dense\online_match_04\frame_0182.jpg,0.696,127.9,426.5,150.6,447.8
online_match_04/frame_0183.jpg,data\frames_dense\online_match_04\frame_0183.jpg,0.686,91.9,361.6,114.1,382.4
online_match_04/frame_0187.jpg,data\frames_dense\online_match_04\frame_0187.jpg,0.66,25.4,378.7,46.0,398.0
online_match_04/frame_0189.jpg,data\frames_dense\online_match_04\frame_0189.jpg,0.739,82.9,355.5,104.8,376.0
online_match_04/frame_0192.jpg,data\frames_dense\online_match_04\frame_0192.jpg,0.743,138.2,385.0,158.2,404.0
online_match_04/frame_0193.jpg,data\frames_dense\online_match_04\frame_0193.jpg,0.715,141.5,347.5,163.7,368.2
online_match_04/frame_0194.jpg,data\frames_dense\online_match_04\frame_0194.jpg,0.838,151.3,420.0,174.1,444.1
online_match_04/frame_0196.jpg,data\frames_dense\online_match_04\frame_0196.jpg,0.59,154.5,348.9,176.1,368.9
online_match_04/frame_0197.jpg,data\frames_dense\online_match_04\frame_0197.jpg,0.563,166.9,380.1,186.1,398.7
online_match_04/frame_0198.jpg,data\frames_dense\online_match_04\frame_0198.jpg,0.725,162.1,384.6,182.0,403.2
online_match_04/frame_0199.jpg,data\frames_dense\online_match_04\frame_0199.jpg,0.718,160.2,385.6,178.7,404.1
online_match_04/frame_0200.jpg,data\frames_dense\online_match_04\frame_0200.jpg,0.799,156.1,350.9,178.3,372.0
online_match_04/frame_0201.jpg,data\frames_dense\online_match_04\frame_0201.jpg,0.887,154.1,416.0,176.2,437.3
online_match_04/frame_0202.jpg,data\frames_dense\online_match_04\frame_0202.jpg,0.746,144.2,361.7,164.6,380.3
online_match_04/frame_0203.jpg,data\frames_dense\online_match_04\frame_0203.jpg,0.705,154.2,428.7,179.0,452.2
online_match_04/frame_0204.jpg,data\frames_dense\online_match_04\frame_0204.jpg,0.728,144.5,364.2,165.0,383.0
online_match_04/frame_0205.jpg,data\frames_dense\online_match_04\frame_0205.jpg,0.767,151.6,416.4,174.1,438.7
online_match_04/frame_0206.jpg,data\frames_dense\online_match_04\frame_0206.jpg,0.851,144.2,372.5,163.3,390.9
online_match_04/frame_0207.jpg,data\frames_dense\online_match_04\frame_0207.jpg,0.699,149.3,412.1,170.9,432.1
online_match_04/frame_0208.jpg,data\frames_dense\online_match_04\frame_0208.jpg,0.84,141.6,369.3,159.5,387.0
online_match_04/frame_0209.jpg,data\frames_dense\online_match_04\frame_0209.jpg,0.838,145.1,404.0,165.3,422.8
online_match_04/frame_0210.jpg,data\frames_dense\online_match_04\frame_0210.jpg,0.841,140.3,372.7,159.4,391.2
online_match_04/frame_0211.jpg,data\frames_dense\online_match_04\frame_0211.jpg,0.845,143.9,401.2,160.8,418.1
online_match_04/frame_0213.jpg,data\frames_dense\online_match_04\frame_0213.jpg,0.661,144.4,395.2,167.1,415.8
online_match_04/frame_0215.jpg,data\frames_dense\online_match_04\frame_0215.jpg,0.673,145.0,362.0,165.9,380.5
online_match_04/frame_0217.jpg,data\frames_dense\online_match_04\frame_0217.jpg,0.533,138.5,396.8,159.0,416.5
online_match_04/frame_0219.jpg,data\frames_dense\online_match_04\frame_0219.jpg,0.616,237.0,410.7,262.3,433.5
online_match_04/frame_0220.jpg,data\frames_dense\online_match_04\frame_0220.jpg,0.577,249.9,306.0,273.1,329.4
online_match_04/frame_0222.jpg,data\frames_dense\online_match_04\frame_0222.jpg,0.629,201.4,298.0,223.3,318.2
online_match_04/frame_0232.jpg,data\frames_dense\online_match_04\frame_0232.jpg,0.703,825.3,242.0,850.5,265.9
online_match_04/frame_0279.jpg,data\frames_dense\online_match_04\frame_0279.jpg,0.764,64.6,404.3,92.0,429.0
online_match_04/frame_0280.jpg,data\frames_dense\online_match_04\frame_0280.jpg,0.786,156.0,390.8,182.2,414.7
online_match_04/frame_0281.jpg,data\frames_dense\online_match_04\frame_0281.jpg,0.595,183.4,360.5,203.0,380.0
online_match_04/frame_0282.jpg,data\frames_dense\online_match_04\frame_0282.jpg,0.697,162.9,360.1,187.8,382.5
online_match_04/frame_0287.jpg,data\frames_dense\online_match_04\frame_0287.jpg,0.505,75.6,347.2,95.8,365.7
online_match_04/frame_0289.jpg,data\frames_dense\online_match_04\frame_0289.jpg,0.675,87.1,419.2,109.7,441.7
online_match_04/frame_0292.jpg,data\frames_dense\online_match_04\frame_0292.jpg,0.53,87.2,353.4,105.0,370.9
online_match_04/frame_0293.jpg,data\frames_dense\online_match_04\frame_0293.jpg,0.648,90.3,361.2,110.0,379.7
online_match_04/frame_0295.jpg,data\frames_dense\online_match_04\frame_0295.jpg,0.661,143.3,398.7,164.8,418.8
online_match_04/frame_0296.jpg,data\frames_dense\online_match_04\frame_0296.jpg,0.666,143.5,351.8,163.9,370.8
online_match_04/frame_0297.jpg,data\frames_dense\online_match_04\frame_0297.jpg,0.503,144.9,360.4,164.4,378.8
online_match_04/frame_0298.jpg,data\frames_dense\online_match_04\frame_0298.jpg,0.803,147.1,393.9,166.6,412.7
online_match_04/frame_0299.jpg,data\frames_dense\online_match_04\frame_0299.jpg,0.797,145.1,419.9,171.0,444.8
online_match_04/frame_0300.jpg,data\frames_dense\online_match_04\frame_0300.jpg,0.775,141.2,343.3,160.8,362.1
online_match_04/frame_0302.jpg,data\frames_dense\online_match_04\frame_0302.jpg,0.749,141.2,384.0,160.1,402.2
online_match_04/frame_0303.jpg,data\frames_dense\online_match_04\frame_0303.jpg,0.834,139.9,410.6,159.2,429.4
online_match_04/frame_0304.jpg,data\frames_dense\online_match_04\frame_0304.jpg,0.654,135.0,344.2,154.6,364.1
online_match_04/frame_0305.jpg,data\frames_dense\online_match_04\frame_0305.jpg,0.78,145.4,410.6,166.2,429.8
online_match_04/frame_0307.jpg,data\frames_dense\online_match_04\frame_0307.jpg,0.696,128.2,362.4,147.6,380.0
online_match_04/frame_0308.jpg,data\frames_dense\online_match_04\frame_0308.jpg,0.771,133.2,355.2,151.5,373.4
online_match_04/frame_0309.jpg,data\frames_dense\online_match_04\frame_0309.jpg,0.839,136.6,416.9,158.0,437.0
online_match_04/frame_0311.jpg,data\frames_dense\online_match_04\frame_0311.jpg,0.861,128.7,353.7,146.4,370.2
online_match_04/frame_0312.jpg,data\frames_dense\online_match_04\frame_0312.jpg,0.43,141.1,397.7,157.6,414.3
online_match_04/frame_0313.jpg,data\frames_dense\online_match_04\frame_0313.jpg,0.668,132.1,385.2,151.4,405.2
online_match_04/frame_0314.jpg,data\frames_dense\online_match_04\frame_0314.jpg,0.467,132.0,375.3,152.0,395.3
online_match_04/frame_0315.jpg,data\frames_dense\online_match_04\frame_0315.jpg,0.817,130.7,351.3,152.4,371.1
online_match_04/frame_0318.jpg,data\frames_dense\online_match_04\frame_0318.jpg,0.749,131.0,355.6,151.7,375.7
online_match_04/frame_0319.jpg,data\frames_dense\online_match_04\frame_0319.jpg,0.633,138.9,368.0,159.4,386.7
online_match_04/frame_0320.jpg,data\frames_dense\online_match_04\frame_0320.jpg,0.75,138.3,416.9,158.1,434.9
online_match_04/frame_0321.jpg,data\frames_dense\online_match_04\frame_0321.jpg,0.659,129.1,430.4,154.2,453.6
online_match_04/frame_0322.jpg,data\frames_dense\online_match_04\frame_0322.jpg,0.758,127.4,352.1,146.5,370.7
online_match_04/frame_0323.jpg,data\frames_dense\online_match_04\frame_0323.jpg,0.661,133.2,403.9,153.1,424.5
online_match_04/frame_0324.jpg,data\frames_dense\online_match_04\frame_0324.jpg,0.725,124.2,383.5,145.4,404.3
online_match_04/frame_0325.jpg,data\frames_dense\online_match_04\frame_0325.jpg,0.821,123.7,369.3,144.5,388.9
online_match_04/frame_0326.jpg,data\frames_dense\online_match_04\frame_0326.jpg,0.818,124.9,357.1,147.1,378.5
online_match_04/frame_0327.jpg,data\frames_dense\online_match_04\frame_0327.jpg,0.641,125.7,427.3,150.3,450.0
online_match_04/frame_0328.jpg,data\frames_dense\online_match_04\frame_0328.jpg,0.808,116.3,374.6,137.4,395.2
online_match_04/frame_0329.jpg,data\frames_dense\online_match_04\frame_0329.jpg,0.684,128.8,430.6,154.1,453.9
online_match_04/frame_0330.jpg,data\frames_dense\online_match_04\frame_0330.jpg,0.729,123.1,376.4,142.5,394.8
online_match_04/frame_0331.jpg,data\frames_dense\online_match_04\frame_0331.jpg,0.631,126.8,429.2,153.4,454.5
online_match_04/frame_0333.jpg,data\frames_dense\online_match_04\frame_0333.jpg,0.73,126.2,424.3,149.8,446.3
online_match_04/frame_0334.jpg,data\frames_dense\online_match_04\frame_0334.jpg,0.606,119.6,378.4,139.5,397.2
online_match_04/frame_0335.jpg,data\frames_dense\online_match_04\frame_0335.jpg,0.666,130.6,424.9,154.3,446.5
online_match_04/frame_0336.jpg,data\frames_dense\online_match_04\frame_0336.jpg,0.579,124.1,381.5,144.7,401.4
online_match_04/frame_0337.jpg,data\frames_dense\online_match_04\frame_0337.jpg,0.746,129.5,408.9,150.5,428.7
online_match_04/frame_0338.jpg,data\frames_dense\online_match_04\frame_0338.jpg,0.745,126.2,379.7,146.7,398.8
online_match_04/frame_0339.jpg,data\frames_dense\online_match_04\frame_0339.jpg,0.643,133.2,409.0,153.7,429.7
online_match_04/frame_0343.jpg,data\frames_dense\online_match_04\frame_0343.jpg,0.808,124.4,403.9,146.8,425.9
online_match_04/frame_0345.jpg,data\frames_dense\online_match_04\frame_0345.jpg,0.773,252.3,419.5,279.1,445.3
online_match_04/frame_0347.jpg,data\frames_dense\online_match_04\frame_0347.jpg,0.614,312.1,279.3,333.2,298.8
online_match_04/frame_0348.jpg,data\frames_dense\online_match_04\frame_0348.jpg,0.791,285.0,291.2,301.4,307.2
online_match_04/frame_0353.jpg,data\frames_dense\online_match_04\frame_0353.jpg,0.881,865.6,99.7,886.0,118.0
online_match_04/frame_0354.jpg,data\frames_dense\online_match_04\frame_0354.jpg,0.598,836.0,117.9,855.4,136.7
online_match_04/frame_0357.jpg,data\frames_dense\online_match_04\frame_0357.jpg,0.435,769.5,203.4,788.7,221.4
online_match_04/frame_0364.jpg,data\frames_dense\online_match_04\frame_0364.jpg,0.637,1000.3,121.3,1017.4,137.2
online_match_04/frame_0366.jpg,data\frames_dense\online_match_04\frame_0366.jpg,0.599,1057.5,12.0,1079.0,31.5
online_match_04/frame_0367.jpg,data\frames_dense\online_match_04\frame_0367.jpg,0.661,1056.6,68.1,1078.6,88.2
online_match_04/frame_0369.jpg,data\frames_dense\online_match_04\frame_0369.jpg,0.715,1052.9,313.3,1072.7,332.3
online_match_04/frame_0370.jpg,data\frames_dense\online_match_04\frame_0370.jpg,0.544,1005.0,125.5,1021.1,141.2
online_match_04/frame_0375.jpg,data\frames_dense\online_match_04\frame_0375.jpg,0.503,647.7,74.6,668.5,93.0
online_match_04/frame_0376.jpg,data\frames_dense\online_match_04\frame_0376.jpg,0.539,560.0,315.1,587.9,341.9
online_match_04/frame_0378.jpg,data\frames_dense\online_match_04\frame_0378.jpg,0.781,576.5,192.5,598.9,213.3
online_match_04/frame_0379.jpg,data\frames_dense\online_match_04\frame_0379.jpg,0.442,588.1,205.5,607.8,225.0
online_match_04/frame_0381.jpg,data\frames_dense\online_match_04\frame_0381.jpg,0.643,550.7,269.6,575.0,292.7
online_match_04/frame_0382.jpg,data\frames_dense\online_match_04\frame_0382.jpg,0.801,510.5,212.9,533.2,234.4
online_match_04/frame_0384.jpg,data\frames_dense\online_match_04\frame_0384.jpg,0.55,615.4,363.5,634.8,382.0
online_match_04/frame_0385.jpg,data\frames_dense\online_match_04\frame_0385.jpg,0.324,494.9,407.9,514.9,427.0
online_match_04/frame_0386.jpg,data\frames_dense\online_match_04\frame_0386.jpg,0.403,425.8,408.4,447.5,428.4
online_match_04/frame_0387.jpg,data\frames_dense\online_match_04\frame_0387.jpg,0.288,384.2,350.6,405.5,369.5
online_match_04/frame_0388.jpg,data\frames_dense\online_match_04\frame_0388.jpg,0.47,344.7,363.0,362.9,380.8
online_match_04/frame_0393.jpg,data\frames_dense\online_match_04\frame_0393.jpg,0.446,331.4,348.6,348.9,365.0
online_match_04/frame_0395.jpg,data\frames_dense\online_match_04\frame_0395.jpg,0.645,265.0,357.9,283.4,376.5
online_match_04/frame_0396.jpg,data\frames_dense\online_match_04\frame_0396.jpg,0.372,241.6,352.0,260.3,369.6
online_match_04/frame_0400.jpg,data\frames_dense\online_match_04\frame_0400.jpg,0.27,908.5,411.0,930.0,433.3
online_match_04/frame_0434.jpg,data\frames_dense\online_match_04\frame_0434.jpg,0.394,1023.2,380.7,1043.5,400.4
online_match_04/frame_0438.jpg,data\frames_dense\online_match_04\frame_0438.jpg,0.472,1115.8,379.3,1136.5,398.1
online_match_04/frame_0439.jpg,data\frames_dense\online_match_04\frame_0439.jpg,0.289,1143.6,380.0,1162.4,399.1
online_match_04/frame_0440.jpg,data\frames_dense\online_match_04\frame_0440.jpg,0.754,1175.8,431.3,1198.1,452.5
online_match_04/frame_0441.jpg,data\frames_dense\online_match_04\frame_0441.jpg,0.788,1186.7,387.4,1203.4,404.5
online_match_04/frame_0443.jpg,data\frames_dense\online_match_04\frame_0443.jpg,0.628,1216.3,383.9,1235.9,401.5
online_match_04/frame_0444.jpg,data\frames_dense\online_match_04\frame_0444.jpg,0.612,1223.9,412.0,1243.3,430.6
online_match_04/frame_0448.jpg,data\frames_dense\online_match_04\frame_0448.jpg,0.478,1180.0,361.8,1199.5,381.0
online_match_04/frame_0448.jpg,data\frames_dense\online_match_04\frame_0448.jpg,0.317,1185.9,421.9,1203.7,439.5
online_match_04/frame_0449.jpg,data\frames_dense\online_match_04\frame_0449.jpg,0.336,1178.9,421.6,1198.6,439.5
online_match_04/frame_0451.jpg,data\frames_dense\online_match_04\frame_0451.jpg,0.434,1168.2,395.1,1185.6,412.1
online_match_04/frame_0452.jpg,data\frames_dense\online_match_04\frame_0452.jpg,0.626,1186.1,386.0,1202.4,402.3
online_match_04/frame_0455.jpg,data\frames_dense\online_match_04\frame_0455.jpg,0.666,1146.0,408.4,1166.5,428.9
online_match_04/frame_0456.jpg,data\frames_dense\online_match_04\frame_0456.jpg,0.762,1164.0,388.4,1184.9,409.4
online_match_04/frame_0457.jpg,data\frames_dense\online_match_04\frame_0457.jpg,0.539,1182.5,383.5,1201.1,401.3
online_match_04/frame_0458.jpg,data\frames_dense\online_match_04\frame_0458.jpg,0.658,1184.6,388.8,1203.5,406.9
online_match_04/frame_0459.jpg,data\frames_dense\online_match_04\frame_0459.jpg,0.649,1179.4,394.6,1198.5,412.9
online_match_04/frame_0460.jpg,data\frames_dense\online_match_04\frame_0460.jpg,0.329,1176.9,402.6,1194.5,419.4
online_match_04/frame_0461.jpg,data\frames_dense\online_match_04\frame_0461.jpg,0.497,1130.3,369.2,1149.8,387.3
online_match_04/frame_0464.jpg,data\frames_dense\online_match_04\frame_0464.jpg,0.809,1053.8,117.3,1070.7,133.6
online_match_04/frame_0490.jpg,data\frames_dense\online_match_04\frame_0490.jpg,0.293,1105.8,362.6,1124.5,380.7
online_match_04/frame_0493.jpg,data\frames_dense\online_match_04\frame_0493.jpg,0.755,92.7,385.6,115.7,407.9
