frame_id,image_path,clip,motion_score,selection_reason,split
20191214-SLAxLANSKROUN1/frame_08161.jpg,data\frames_dense\20191214-SLAxLANSKROUN1_players1\frame_08161.jpg,20191214-SLAxLANSKROUN1,0.969,clustering_candidate,val
20191214-SLAxLANSKROUN1/frame_06550.jpg,data\frames_dense\20191214-SLAxLANSKROUN1_players1\frame_06550.jpg,20191214-SLAxLANSKROUN1,1.129,clustering_candidate,val
20191214-SLAxLANSKROUN1/frame_05031.jpg,data\frames_dense\20191214-SLAxLANSKROUN1_players1\frame_05031.jpg,20191214-SLAxLANSKROUN1,0.954,clustering_candidate,val
20191214-SLAxLANSKROUN1/frame_06000.jpg,data\frames_dense\20191214-SLAxLANSKROUN1_players1\frame_06000.jpg,20191214-SLAxLANSKROUN1,1.147,clustering_candidate,val
20191214-SLAxLANSKROUN1/frame_11218.jpg,data\frames_dense\20191214-SLAxLANSKROUN1_players1\frame_11218.jpg,20191214-SLAxLANSKROUN1,2.282,clustering_candidate,val
20191214-SLAxLANSKROUN1/frame_08277.jpg,data\frames_dense\20191214-SLAxLANSKROUN1_players1\frame_08277.jpg,20191214-SLAxLANSKROUN1,0.845,clustering_candidate,val
20191214-SLAxLANSKROUN1/frame_13343.jpg,data\frames_dense\20191214-SLAxLANSKROUN1_players1\frame_13343.jpg,20191214-SLAxLANSKROUN1,0.878,clustering_candidate,val
20191214-SLAxLANSKROUN1/frame_13121.jpg,data\frames_dense\20191214-SLAxLANSKROUN1_players1\frame_13121.jpg,20191214-SLAxLANSKROUN1,0.846,clustering_candidate,val
20191214-SLAxLANSKROUN1/frame_06582.jpg,data\frames_dense\20191214-SLAxLANSKROUN1_players1\frame_06582.jpg,20191214-SLAxLANSKROUN1,1.146,clustering_candidate,val
20191214-SLAxLANSKROUN1/frame_07730.jpg,data\frames_dense\20191214-SLAxLANSKROUN1_players1\frame_07730.jpg,20191214-SLAxLANSKROUN1,0.981,clustering_candidate,val
20191214-SLAxLANSKROUN1/frame_08174.jpg,data\frames_dense\20191214-SLAxLANSKROUN1_players1\frame_08174.jpg,20191214-SLAxLANSKROUN1,0.975,clustering_candidate,val
20191214-SLAxLANSKROUN1/frame_09669.jpg,data\frames_dense\20191214-SLAxLANSKROUN1_players1\frame_09669.jpg,20191214-SLAxLANSKROUN1,1.351,clustering_candidate,val
20191214-SLAxLANSKROUN1/frame_10355.jpg,data\frames_dense\20191214-SLAxLANSKROUN1_players1\frame_10355.jpg,20191214-SLAxLANSKROUN1,0.824,clustering_candidate,val
20191214-SLAxLANSKROUN1/frame_13760.jpg,data\frames_dense\20191214-SLAxLANSKROUN1_players1\frame_13760.jpg,20191214-SLAxLANSKROUN1,1.103,clustering_candidate,val
20191214-SLAxLANSKROUN1/frame_12083.jpg,data\frames_dense\20191214-SLAxLANSKROUN1_players1\frame_12083.jpg,20191214-SLAxLANSKROUN1,1.433,clustering_candidate,val
20191214-SLAxLANSKROUN1/frame_09882.jpg,data\frames_dense\20191214-SLAxLANSKROUN1_players1\frame_09882.jpg,20191214-SLAxLANSKROUN1,0.805,clustering_candidate,val
20191214-SLAxLANSKROUN1/frame_09719.jpg,data\frames_dense\20191214-SLAxLANSKROUN1_players1\frame_09719.jpg,20191214-SLAxLANSKROUN1,0.843,clustering_candidate,val
20191214-SLAxLANSKROUN1/frame_05337.jpg,data\frames_dense\20191214-SLAxLANSKROUN1_players1\frame_05337.jpg,20191214-SLAxLANSKROUN1,0.863,clustering_candidate,val
20191214-SLAxLANSKROUN1/frame_10699.jpg,data\frames_dense\20191214-SLAxLANSKROUN1_players1\frame_10699.jpg,20191214-SLAxLANSKROUN1,1.289,clustering_candidate,val
20191214-SLAxLANSKROUN1/frame_11474.jpg,data\frames_dense\20191214-SLAxLANSKROUN1_players1\frame_11474.jpg,20191214-SLAxLANSKROUN1,2.188,clustering_candidate,val
20191214-SLAxLANSKROUN1/frame_09499.jpg,data\frames_dense\20191214-SLAxLANSKROUN1_players1\frame_09499.jpg,20191214-SLAxLANSKROUN1,1.369,clustering_candidate,val
20191214-SLAxLANSKROUN1/frame_07449.jpg,data\frames_dense\20191214-SLAxLANSKROUN1_players1\frame_07449.jpg,20191214-SLAxLANSKROUN1,1.34,clustering_candidate,val
20191214-SLAxLANSKROUN1/frame_09597.jpg,data\frames_dense\20191214-SLAxLANSKROUN1_players1\frame_09597.jpg,20191214-SLAxLANSKROUN1,1.009,clustering_candidate,val
20191214-SLAxLANSKROUN1/frame_09087.jpg,data\frames_dense\20191214-SLAxLANSKROUN1_players1\frame_09087.jpg,20191214-SLAxLANSKROUN1,1.478,clustering_candidate,val
20191214-SLAxLANSKROUN1/frame_08631.jpg,data\frames_dense\20191214-SLAxLANSKROUN1_players1\frame_08631.jpg,20191214-SLAxLANSKROUN1,0.954,clustering_candidate,val
20191214-SLAxLANSKROUN1/frame_06280.jpg,data\frames_dense\20191214-SLAxLANSKROUN1_players1\frame_06280.jpg,20191214-SLAxLANSKROUN1,1.16,clustering_candidate,val
20191214-SLAxLANSKROUN1/frame_07349.jpg,data\frames_dense\20191214-SLAxLANSKROUN1_players1\frame_07349.jpg,20191214-SLAxLANSKROUN1,1.332,clustering_candidate,val
20191214-SLAxLANSKROUN1/frame_10628.jpg,data\frames_dense\20191214-SLAxLANSKROUN1_players1\frame_10628.jpg,20191214-SLAxLANSKROUN1,1.834,clustering_candidate,val
20191214-SLAxLANSKROUN1/frame_08730.jpg,data\frames_dense\20191214-SLAxLANSKROUN1_players1\frame_08730.jpg,20191214-SLAxLANSKROUN1,1.096,clustering_candidate,val
20191214-SLAxLANSKROUN1/frame_13960.jpg,data\frames_dense\20191214-SLAxLANSKROUN1_players1\frame_13960.jpg,20191214-SLAxLANSKROUN1,1.194,clustering_candidate,val
20191214-SLAxLANSKROUN1/frame_13811.jpg,data\frames_dense\20191214-SLAxLANSKROUN1_players1\frame_13811.jpg,20191214-SLAxLANSKROUN1,1.381,clustering_candidate,val
20191214-SLAxLANSKROUN1/frame_07322.jpg,data\frames_dense\20191214-SLAxLANSKROUN1_players1\frame_07322.jpg,20191214-SLAxLANSKROUN1,0.82,clustering_candidate,val
20191214-SLAxLANSKROUN1/frame_06716.jpg,data\frames_dense\20191214-SLAxLANSKROUN1_players1\frame_06716.jpg,20191214-SLAxLANSKROUN1,0.877,clustering_candidate,val
20191214-SLAxLANSKROUN1/frame_09395.jpg,data\frames_dense\20191214-SLAxLANSKROUN1_players1\frame_09395.jpg,20191214-SLAxLANSKROUN1,1.521,clustering_candidate,val
20191214-SLAxLANSKROUN1/frame_10120.jpg,data\frames_dense\20191214-SLAxLANSKROUN1_players1\frame_10120.jpg,20191214-SLAxLANSKROUN1,1.154,clustering_candidate,val
20191214-SLAxLANSKROUN1/frame_07066.jpg,data\frames_dense\20191214-SLAxLANSKROUN1_players1\frame_07066.jpg,20191214-SLAxLANSKROUN1,0.823,clustering_candidate,val
20191214-SLAxLANSKROUN1/frame_13107.jpg,data\frames_dense\20191214-SLAxLANSKROUN1_players1\frame_13107.jpg,20191214-SLAxLANSKROUN1,2.035,clustering_candidate,val
20191214-SLAxLANSKROUN1/frame_13503.jpg,data\frames_dense\20191214-SLAxLANSKROUN1_players1\frame_13503.jpg,20191214-SLAxLANSKROUN1,1.329,clustering_candidate,val
20191214-SLAxLANSKROUN1/frame_11291.jpg,data\frames_dense\20191214-SLAxLANSKROUN1_players1\frame_11291.jpg,20191214-SLAxLANSKROUN1,0.877,clustering_candidate,val
20191214-SLAxLANSKROUN1/frame_13796.jpg,data\frames_dense\20191214-SLAxLANSKROUN1_players1\frame_13796.jpg,20191214-SLAxLANSKROUN1,2.179,clustering_candidate,val
20191214-SLAxLANSKROUN1/frame_13742.jpg,data\frames_dense\20191214-SLAxLANSKROUN1_players1\frame_13742.jpg,20191214-SLAxLANSKROUN1,0.854,clustering_candidate,val
20191214-SLAxLANSKROUN1/frame_05026.jpg,data\frames_dense\20191214-SLAxLANSKROUN1_players1\frame_05026.jpg,20191214-SLAxLANSKROUN1,2.176,clustering_candidate,val
20191214-SLAxLANSKROUN1/frame_08435.jpg,data\frames_dense\20191214-SLAxLANSKROUN1_players1\frame_08435.jpg,20191214-SLAxLANSKROUN1,1.327,clustering_candidate,val
20191214-SLAxLANSKROUN1/frame_09198.jpg,data\frames_dense\20191214-SLAxLANSKROUN1_players1\frame_09198.jpg,20191214-SLAxLANSKROUN1,1.349,clustering_candidate,val
20191214-SLAxLANSKROUN1/frame_12940.jpg,data\frames_dense\20191214-SLAxLANSKROUN1_players1\frame_12940.jpg,20191214-SLAxLANSKROUN1,1.396,clustering_candidate,val
20191214-SLAxLANSKROUN1/frame_07783.jpg,data\frames_dense\20191214-SLAxLANSKROUN1_players1\frame_07783.jpg,20191214-SLAxLANSKROUN1,1.488,clustering_candidate,train
20191214-SLAxLANSKROUN1/frame_11203.jpg,data\frames_dense\20191214-SLAxLANSKROUN1_players1\frame_11203.jpg,20191214-SLAxLANSKROUN1,1.545,clustering_candidate,train
20191214-SLAxLANSKROUN1/frame_05803.jpg,data\frames_dense\20191214-SLAxLANSKROUN1_players1\frame_05803.jpg,20191214-SLAxLANSKROUN1,0.915,clustering_candidate,train
20191214-SLAxLANSKROUN1/frame_06082.jpg,data\frames_dense\20191214-SLAxLANSKROUN1_players1\frame_06082.jpg,20191214-SLAxLANSKROUN1,1.436,clustering_candidate,train
20191214-SLAxLANSKROUN1/frame_05355.jpg,data\frames_dense\20191214-SLAxLANSKROUN1_players1\frame_05355.jpg,20191214-SLAxLANSKROUN1,1.146,clustering_candidate,train
20191214-SLAxLANSKROUN1/frame_10059.jpg,data\frames_dense\20191214-SLAxLANSKROUN1_players1\frame_10059.jpg,20191214-SLAxLANSKROUN1,0.882,clustering_candidate,train
20191214-SLAxLANSKROUN1/frame_13267.jpg,data\frames_dense\20191214-SLAxLANSKROUN1_players1\frame_13267.jpg,20191214-SLAxLANSKROUN1,1.31,clustering_candidate,train
20191214-SLAxLANSKROUN1/frame_10716.jpg,data\frames_dense\20191214-SLAxLANSKROUN1_players1\frame_10716.jpg,20191214-SLAxLANSKROUN1,1.625,clustering_candidate,train
20191214-SLAxLANSKROUN1/frame_10571.jpg,data\frames_dense\20191214-SLAxLANSKROUN1_players1\frame_10571.jpg,20191214-SLAxLANSKROUN1,1.302,clustering_candidate,train
20191214-SLAxLANSKROUN1/frame_08771.jpg,data\frames_dense\20191214-SLAxLANSKROUN1_players1\frame_08771.jpg,20191214-SLAxLANSKROUN1,0.925,clustering_candidate,train
20191214-SLAxLANSKROUN1/frame_11068.jpg,data\frames_dense\20191214-SLAxLANSKROUN1_players1\frame_11068.jpg,20191214-SLAxLANSKROUN1,1.098,clustering_candidate,train
20191214-SLAxLANSKROUN1/frame_12606.jpg,data\frames_dense\20191214-SLAxLANSKROUN1_players1\frame_12606.jpg,20191214-SLAxLANSKROUN1,1.232,clustering_candidate,train
20191214-SLAxLANSKROUN1/frame_11530.jpg,data\frames_dense\20191214-SLAxLANSKROUN1_players1\frame_11530.jpg,20191214-SLAxLANSKROUN1,0.915,clustering_candidate,train
20191214-SLAxLANSKROUN1/frame_06092.jpg,data\frames_dense\20191214-SLAxLANSKROUN1_players1\frame_06092.jpg,20191214-SLAxLANSKROUN1,1.393,clustering_candidate,train
20191214-SLAxLANSKROUN1/frame_09743.jpg,data\frames_dense\20191214-SLAxLANSKROUN1_players1\frame_09743.jpg,20191214-SLAxLANSKROUN1,1.404,clustering_candidate,train
20191214-SLAxLANSKROUN1/frame_08332.jpg,data\frames_dense\20191214-SLAxLANSKROUN1_players1\frame_08332.jpg,20191214-SLAxLANSKROUN1,1.178,clustering_candidate,train
20191214-SLAxLANSKROUN1/frame_12425.jpg,data\frames_dense\20191214-SLAxLANSKROUN1_players1\frame_12425.jpg,20191214-SLAxLANSKROUN1,1.47,clustering_candidate,train
20191214-SLAxLANSKROUN1/frame_05692.jpg,data\frames_dense\20191214-SLAxLANSKROUN1_players1\frame_05692.jpg,20191214-SLAxLANSKROUN1,0.804,clustering_candidate,train
20191214-SLAxLANSKROUN1/frame_07586.jpg,data\frames_dense\20191214-SLAxLANSKROUN1_players1\frame_07586.jpg,20191214-SLAxLANSKROUN1,0.945,clustering_candidate,train
20191214-SLAxLANSKROUN1/frame_05410.jpg,data\frames_dense\20191214-SLAxLANSKROUN1_players1\frame_05410.jpg,20191214-SLAxLANSKROUN1,0.86,clustering_candidate,train
20191214-SLAxLANSKROUN1/frame_12560.jpg,data\frames_dense\20191214-SLAxLANSKROUN1_players1\frame_12560.jpg,20191214-SLAxLANSKROUN1,1.058,clustering_candidate,train
20191214-SLAxLANSKROUN1/frame_12521.jpg,data\frames_dense\20191214-SLAxLANSKROUN1_players1\frame_12521.jpg,20191214-SLAxLANSKROUN1,1.81,clustering_candidate,train
20191214-SLAxLANSKROUN1/frame_07555.jpg,data\frames_dense\20191214-SLAxLANSKROUN1_players1\frame_07555.jpg,20191214-SLAxLANSKROUN1,1.402,clustering_candidate,train
20191214-SLAxLANSKROUN1/frame_11401.jpg,data\frames_dense\20191214-SLAxLANSKROUN1_players1\frame_11401.jpg,20191214-SLAxLANSKROUN1,0.938,clustering_candidate,train
20191214-SLAxLANSKROUN1/frame_10647.jpg,data\frames_dense\20191214-SLAxLANSKROUN1_players1\frame_10647.jpg,20191214-SLAxLANSKROUN1,1.267,clustering_candidate,train
20191214-SLAxLANSKROUN1/frame_12138.jpg,data\frames_dense\20191214-SLAxLANSKROUN1_players1\frame_12138.jpg,20191214-SLAxLANSKROUN1,0.923,clustering_candidate,train
20191214-SLAxLANSKROUN1/frame_06007.jpg,data\frames_dense\20191214-SLAxLANSKROUN1_players1\frame_06007.jpg,20191214-SLAxLANSKROUN1,1.419,clustering_candidate,train
20191214-SLAxLANSKROUN1/frame_13637.jpg,data\frames_dense\20191214-SLAxLANSKROUN1_players1\frame_13637.jpg,20191214-SLAxLANSKROUN1,2.036,clustering_candidate,train
20191214-SLAxLANSKROUN1/frame_08795.jpg,data\frames_dense\20191214-SLAxLANSKROUN1_players1\frame_08795.jpg,20191214-SLAxLANSKROUN1,1.036,clustering_candidate,train
20191214-SLAxLANSKROUN1/frame_06135.jpg,data\frames_dense\20191214-SLAxLANSKROUN1_players1\frame_06135.jpg,20191214-SLAxLANSKROUN1,1.289,clustering_candidate,train
20191214-SLAxLANSKROUN1/frame_05251.jpg,data\frames_dense\20191214-SLAxLANSKROUN1_players1\frame_05251.jpg,20191214-SLAxLANSKROUN1,0.838,clustering_candidate,train
20191214-SLAxLANSKROUN1/frame_06589.jpg,data\frames_dense\20191214-SLAxLANSKROUN1_players1\frame_06589.jpg,20191214-SLAxLANSKROUN1,0.865,clustering_candidate,train
20191214-SLAxLANSKROUN1/frame_07762.jpg,data\frames_dense\20191214-SLAxLANSKROUN1_players1\frame_07762.jpg,20191214-SLAxLANSKROUN1,0.929,clustering_candidate,train
20191214-SLAxLANSKROUN1/frame_13361.jpg,data\frames_dense\20191214-SLAxLANSKROUN1_players1\frame_13361.jpg,20191214-SLAxLANSKROUN1,1.304,clustering_candidate,train
20191214-SLAxLANSKROUN1/frame_05475.jpg,data\frames_dense\20191214-SLAxLANSKROUN1_players1\frame_05475.jpg,20191214-SLAxLANSKROUN1,0.922,clustering_candidate,train
20191214-SLAxLANSKROUN1/frame_07904.jpg,data\frames_dense\20191214-SLAxLANSKROUN1_players1\frame_07904.jpg,20191214-SLAxLANSKROUN1,1.766,clustering_candidate,train
20191214-SLAxLANSKROUN1/frame_11551.jpg,data\frames_dense\20191214-SLAxLANSKROUN1_players1\frame_11551.jpg,20191214-SLAxLANSKROUN1,0.814,clustering_candidate,train
20191214-SLAxLANSKROUN1/frame_12923.jpg,data\frames_dense\20191214-SLAxLANSKROUN1_players1\frame_12923.jpg,20191214-SLAxLANSKROUN1,1.363,clustering_candidate,train
20191214-SLAxLANSKROUN1/frame_10311.jpg,data\frames_dense\20191214-SLAxLANSKROUN1_players1\frame_10311.jpg,20191214-SLAxLANSKROUN1,0.851,clustering_candidate,train
20191214-SLAxLANSKROUN1/frame_06073.jpg,data\frames_dense\20191214-SLAxLANSKROUN1_players1\frame_06073.jpg,20191214-SLAxLANSKROUN1,0.831,clustering_candidate,train
20191214-SLAxLANSKROUN1/frame_06889.jpg,data\frames_dense\20191214-SLAxLANSKROUN1_players1\frame_06889.jpg,20191214-SLAxLANSKROUN1,1.438,clustering_candidate,train
20191214-SLAxLANSKROUN1/frame_09985.jpg,data\frames_dense\20191214-SLAxLANSKROUN1_players1\frame_09985.jpg,20191214-SLAxLANSKROUN1,1.331,clustering_candidate,train
20191214-SLAxLANSKROUN1/frame_11619.jpg,data\frames_dense\20191214-SLAxLANSKROUN1_players1\frame_11619.jpg,20191214-SLAxLANSKROUN1,0.82,clustering_candidate,train
20191214-SLAxLANSKROUN1/frame_07645.jpg,data\frames_dense\20191214-SLAxLANSKROUN1_players1\frame_07645.jpg,20191214-SLAxLANSKROUN1,0.841,clustering_candidate,train
20191214-SLAxLANSKROUN1/frame_13737.jpg,data\frames_dense\20191214-SLAxLANSKROUN1_players1\frame_13737.jpg,20191214-SLAxLANSKROUN1,0.815,clustering_candidate,train
20191214-SLAxLANSKROUN1/frame_05017.jpg,data\frames_dense\20191214-SLAxLANSKROUN1_players1\frame_05017.jpg,20191214-SLAxLANSKROUN1,3.083,clustering_candidate,train
20191214-SLAxLANSKROUN1/frame_12513.jpg,data\frames_dense\20191214-SLAxLANSKROUN1_players1\frame_12513.jpg,20191214-SLAxLANSKROUN1,1.399,clustering_candidate,train
20191214-SLAxLANSKROUN1/frame_10176.jpg,data\frames_dense\20191214-SLAxLANSKROUN1_players1\frame_10176.jpg,20191214-SLAxLANSKROUN1,1.232,clustering_candidate,train
20191214-SLAxLANSKROUN1/frame_09102.jpg,data\frames_dense\20191214-SLAxLANSKROUN1_players1\frame_09102.jpg,20191214-SLAxLANSKROUN1,1.439,clustering_candidate,train
20191214-SLAxLANSKROUN1/frame_08782.jpg,data\frames_dense\20191214-SLAxLANSKROUN1_players1\frame_08782.jpg,20191214-SLAxLANSKROUN1,0.961,clustering_candidate,train
20191214-SLAxLANSKROUN1/frame_09347.jpg,data\frames_dense\20191214-SLAxLANSKROUN1_players1\frame_09347.jpg,20191214-SLAxLANSKROUN1,1.201,clustering_candidate,train
20191214-SLAxLANSKROUN1/frame_12569.jpg,data\frames_dense\20191214-SLAxLANSKROUN1_players1\frame_12569.jpg,20191214-SLAxLANSKROUN1,2.26,clustering_candidate,train
20191214-SLAxLANSKROUN1/frame_06964.jpg,data\frames_dense\20191214-SLAxLANSKROUN1_players1\frame_06964.jpg,20191214-SLAxLANSKROUN1,0.969,clustering_candidate,train
20191214-SLAxLANSKROUN1/frame_10053.jpg,data\frames_dense\20191214-SLAxLANSKROUN1_players1\frame_10053.jpg,20191214-SLAxLANSKROUN1,0.973,clustering_candidate,train
20191214-SLAxLANSKROUN1/frame_08185.jpg,data\frames_dense\20191214-SLAxLANSKROUN1_players1\frame_08185.jpg,20191214-SLAxLANSKROUN1,0.848,clustering_candidate,train
20191214-SLAxLANSKROUN1/frame_11043.jpg,data\frames_dense\20191214-SLAxLANSKROUN1_players1\frame_11043.jpg,20191214-SLAxLANSKROUN1,0.901,clustering_candidate,train
20191214-SLAxLANSKROUN1/frame_08340.jpg,data\frames_dense\20191214-SLAxLANSKROUN1_players1\frame_08340.jpg,20191214-SLAxLANSKROUN1,1.764,clustering_candidate,train
20191214-SLAxLANSKROUN1/frame_11580.jpg,data\frames_dense\20191214-SLAxLANSKROUN1_players1\frame_11580.jpg,20191214-SLAxLANSKROUN1,1.337,clustering_candidate,train
20191214-SLAxLANSKROUN1/frame_08875.jpg,data\frames_dense\20191214-SLAxLANSKROUN1_players1\frame_08875.jpg,20191214-SLAxLANSKROUN1,2.612,clustering_candidate,train
20191214-SLAxLANSKROUN1/frame_11479.jpg,data\frames_dense\20191214-SLAxLANSKROUN1_players1\frame_11479.jpg,20191214-SLAxLANSKROUN1,1.083,clustering_candidate,train
20191214-SLAxLANSKROUN1/frame_05754.jpg,data\frames_dense\20191214-SLAxLANSKROUN1_players1\frame_05754.jpg,20191214-SLAxLANSKROUN1,1.452,clustering_candidate,train
20191214-SLAxLANSKROUN1/frame_07627.jpg,data\frames_dense\20191214-SLAxLANSKROUN1_players1\frame_07627.jpg,20191214-SLAxLANSKROUN1,0.928,clustering_candidate,train
20191214-SLAxLANSKROUN1/frame_08758.jpg,data\frames_dense\20191214-SLAxLANSKROUN1_players1\frame_08758.jpg,20191214-SLAxLANSKROUN1,1.077,clustering_candidate,train
20191214-SLAxLANSKROUN1/frame_10332.jpg,data\frames_dense\20191214-SLAxLANSKROUN1_players1\frame_10332.jpg,20191214-SLAxLANSKROUN1,0.912,clustering_candidate,train
20191214-SLAxLANSKROUN1/frame_07206.jpg,data\frames_dense\20191214-SLAxLANSKROUN1_players1\frame_07206.jpg,20191214-SLAxLANSKROUN1,0.963,clustering_candidate,train
20191214-SLAxLANSKROUN1/frame_10661.jpg,data\frames_dense\20191214-SLAxLANSKROUN1_players1\frame_10661.jpg,20191214-SLAxLANSKROUN1,1.263,clustering_candidate,train
20191214-SLAxLANSKROUN1/frame_10711.jpg,data\frames_dense\20191214-SLAxLANSKROUN1_players1\frame_10711.jpg,20191214-SLAxLANSKROUN1,1.347,clustering_candidate,train
20191214-SLAxLANSKROUN1/frame_07824.jpg,data\frames_dense\20191214-SLAxLANSKROUN1_players1\frame_07824.jpg,20191214-SLAxLANSKROUN1,1.334,clustering_candidate,train
20191214-SLAxLANSKROUN1/frame_06179.jpg,data\frames_dense\20191214-SLAxLANSKROUN1_players1\frame_06179.jpg,20191214-SLAxLANSKROUN1,1.309,clustering_candidate,train
20191214-SLAxLANSKROUN1/frame_11077.jpg,data\frames_dense\20191214-SLAxLANSKROUN1_players1\frame_11077.jpg,20191214-SLAxLANSKROUN1,1.113,clustering_candidate,train
20191214-SLAxLANSKROUN1/frame_13917.jpg,data\frames_dense\20191214-SLAxLANSKROUN1_players1\frame_13917.jpg,20191214-SLAxLANSKROUN1,1.359,clustering_candidate,train
20191214-SLAxLANSKROUN1/frame_13187.jpg,data\frames_dense\20191214-SLAxLANSKROUN1_players1\frame_13187.jpg,20191214-SLAxLANSKROUN1,1.902,clustering_candidate,train
20191214-SLAxLANSKROUN1/frame_07745.jpg,data\frames_dense\20191214-SLAxLANSKROUN1_players1\frame_07745.jpg,20191214-SLAxLANSKROUN1,1.154,clustering_candidate,train
20191214-SLAxLANSKROUN1/frame_05318.jpg,data\frames_dense\20191214-SLAxLANSKROUN1_players1\frame_05318.jpg,20191214-SLAxLANSKROUN1,0.903,clustering_candidate,train
20191214-SLAxLANSKROUN1/frame_07282.jpg,data\frames_dense\20191214-SLAxLANSKROUN1_players1\frame_07282.jpg,20191214-SLAxLANSKROUN1,0.914,clustering_candidate,train
20191214-SLAxLANSKROUN1/frame_11083.jpg,data\frames_dense\20191214-SLAxLANSKROUN1_players1\frame_11083.jpg,20191214-SLAxLANSKROUN1,1.121,clustering_candidate,train
20191214-SLAxLANSKROUN1/frame_06608.jpg,data\frames_dense\20191214-SLAxLANSKROUN1_players1\frame_06608.jpg,20191214-SLAxLANSKROUN1,0.85,clustering_candidate,train
20191214-SLAxLANSKROUN1/frame_06729.jpg,data\frames_dense\20191214-SLAxLANSKROUN1_players1\frame_06729.jpg,20191214-SLAxLANSKROUN1,0.879,clustering_candidate,train
20191214-SLAxLANSKROUN1/frame_12628.jpg,data\frames_dense\20191214-SLAxLANSKROUN1_players1\frame_12628.jpg,20191214-SLAxLANSKROUN1,1.026,clustering_candidate,train
20191214-SLAxLANSKROUN1/frame_09621.jpg,data\frames_dense\20191214-SLAxLANSKROUN1_players1\frame_09621.jpg,20191214-SLAxLANSKROUN1,1.417,clustering_candidate,train
20191214-SLAxLANSKROUN1/frame_10704.jpg,data\frames_dense\20191214-SLAxLANSKROUN1_players1\frame_10704.jpg,20191214-SLAxLANSKROUN1,1.425,clustering_candidate,train
20191214-SLAxLANSKROUN1/frame_06169.jpg,data\frames_dense\20191214-SLAxLANSKROUN1_players1\frame_06169.jpg,20191214-SLAxLANSKROUN1,1.052,clustering_candidate,train
20191214-SLAxLANSKROUN1/frame_12050.jpg,data\frames_dense\20191214-SLAxLANSKROUN1_players1\frame_12050.jpg,20191214-SLAxLANSKROUN1,0.813,clustering_candidate,train
20191214-SLAxLANSKROUN1/frame_13065.jpg,data\frames_dense\20191214-SLAxLANSKROUN1_players1\frame_13065.jpg,20191214-SLAxLANSKROUN1,0.982,clustering_candidate,train
20191214-SLAxLANSKROUN1/frame_10228.jpg,data\frames_dense\20191214-SLAxLANSKROUN1_players1\frame_10228.jpg,20191214-SLAxLANSKROUN1,1.113,clustering_candidate,train
20191214-SLAxLANSKROUN1/frame_11164.jpg,data\frames_dense\20191214-SLAxLANSKROUN1_players1\frame_11164.jpg,20191214-SLAxLANSKROUN1,1.192,clustering_candidate,train
20191214-SLAxLANSKROUN1/frame_11646.jpg,data\frames_dense\20191214-SLAxLANSKROUN1_players1\frame_11646.jpg,20191214-SLAxLANSKROUN1,0.921,clustering_candidate,train
20191214-SLAxLANSKROUN1/frame_13218.jpg,data\frames_dense\20191214-SLAxLANSKROUN1_players1\frame_13218.jpg,20191214-SLAxLANSKROUN1,1.339,clustering_candidate,train
20191214-SLAxLANSKROUN1/frame_08362.jpg,data\frames_dense\20191214-SLAxLANSKROUN1_players1\frame_08362.jpg,20191214-SLAxLANSKROUN1,1.271,clustering_candidate,train
20191214-SLAxLANSKROUN1/frame_12128.jpg,data\frames_dense\20191214-SLAxLANSKROUN1_players1\frame_12128.jpg,20191214-SLAxLANSKROUN1,1.274,clustering_candidate,train
20191214-SLAxLANSKROUN1/frame_09930.jpg,data\frames_dense\20191214-SLAxLANSKROUN1_players1\frame_09930.jpg,20191214-SLAxLANSKROUN1,0.81,clustering_candidate,train
20191214-SLAxLANSKROUN1/frame_06499.jpg,data\frames_dense\20191214-SLAxLANSKROUN1_players1\frame_06499.jpg,20191214-SLAxLANSKROUN1,2.517,clustering_candidate,train
20191214-SLAxLANSKROUN1/frame_08869.jpg,data\frames_dense\20191214-SLAxLANSKROUN1_players1\frame_08869.jpg,20191214-SLAxLANSKROUN1,1.343,clustering_candidate,train
20191214-SLAxLANSKROUN1/frame_10202.jpg,data\frames_dense\20191214-SLAxLANSKROUN1_players1\frame_10202.jpg,20191214-SLAxLANSKROUN1,0.962,clustering_candidate,train
20191214-SLAxLANSKROUN1/frame_11225.jpg,data\frames_dense\20191214-SLAxLANSKROUN1_players1\frame_11225.jpg,20191214-SLAxLANSKROUN1,0.97,clustering_candidate,train
20191214-SLAxLANSKROUN1/frame_06406.jpg,data\frames_dense\20191214-SLAxLANSKROUN1_players1\frame_06406.jpg,20191214-SLAxLANSKROUN1,1.017,clustering_candidate,train
20191214-SLAxLANSKROUN1/frame_05140.jpg,data\frames_dense\20191214-SLAxLANSKROUN1_players1\frame_05140.jpg,20191214-SLAxLANSKROUN1,1.394,clustering_candidate,train
20191214-SLAxLANSKROUN1/frame_11052.jpg,data\frames_dense\20191214-SLAxLANSKROUN1_players1\frame_11052.jpg,20191214-SLAxLANSKROUN1,1.404,clustering_candidate,train
20191214-SLAxLANSKROUN1/frame_10108.jpg,data\frames_dense\20191214-SLAxLANSKROUN1_players1\frame_10108.jpg,20191214-SLAxLANSKROUN1,1.334,clustering_candidate,train
20191214-SLAxLANSKROUN1/frame_07834.jpg,data\frames_dense\20191214-SLAxLANSKROUN1_players1\frame_07834.jpg,20191214-SLAxLANSKROUN1,0.858,clustering_candidate,train
20191214-SLAxLANSKROUN1/frame_11514.jpg,data\frames_dense\20191214-SLAxLANSKROUN1_players1\frame_11514.jpg,20191214-SLAxLANSKROUN1,1.863,clustering_candidate,train
20191214-SLAxLANSKROUN1/frame_10869.jpg,data\frames_dense\20191214-SLAxLANSKROUN1_players1\frame_10869.jpg,20191214-SLAxLANSKROUN1,0.817,clustering_candidate,train
20191214-SLAxLANSKROUN1/frame_05844.jpg,data\frames_dense\20191214-SLAxLANSKROUN1_players1\frame_05844.jpg,20191214-SLAxLANSKROUN1,0.847,clustering_candidate,train
20191214-SLAxLANSKROUN1/frame_11414.jpg,data\frames_dense\20191214-SLAxLANSKROUN1_players1\frame_11414.jpg,20191214-SLAxLANSKROUN1,0.951,clustering_candidate,train
20191214-SLAxLANSKROUN1/frame_13087.jpg,data\frames_dense\20191214-SLAxLANSKROUN1_players1\frame_13087.jpg,20191214-SLAxLANSKROUN1,0.943,clustering_candidate,train
20191214-SLAxLANSKROUN1/frame_11672.jpg,data\frames_dense\20191214-SLAxLANSKROUN1_players1\frame_11672.jpg,20191214-SLAxLANSKROUN1,1.176,clustering_candidate,train
20191214-SLAxLANSKROUN1/frame_05156.jpg,data\frames_dense\20191214-SLAxLANSKROUN1_players1\frame_05156.jpg,20191214-SLAxLANSKROUN1,1.635,clustering_candidate,train
20191214-SLAxLANSKROUN1/frame_05456.jpg,data\frames_dense\20191214-SLAxLANSKROUN1_players1\frame_05456.jpg,20191214-SLAxLANSKROUN1,0.862,clustering_candidate,train
20191214-SLAxLANSKROUN1/frame_09359.jpg,data\frames_dense\20191214-SLAxLANSKROUN1_players1\frame_09359.jpg,20191214-SLAxLANSKROUN1,0.815,clustering_candidate,train
20191214-SLAxLANSKROUN1/frame_09643.jpg,data\frames_dense\20191214-SLAxLANSKROUN1_players1\frame_09643.jpg,20191214-SLAxLANSKROUN1,0.828,clustering_candidate,train
20191214-SLAxLANSKROUN1/frame_05280.jpg,data\frames_dense\20191214-SLAxLANSKROUN1_players1\frame_05280.jpg,20191214-SLAxLANSKROUN1,0.855,clustering_candidate,train
20191214-SLAxLANSKROUN1/frame_10834.jpg,data\frames_dense\20191214-SLAxLANSKROUN1_players1\frame_10834.jpg,20191214-SLAxLANSKROUN1,1.214,clustering_candidate,train
20191214-SLAxLANSKROUN1/frame_13169.jpg,data\frames_dense\20191214-SLAxLANSKROUN1_players1\frame_13169.jpg,20191214-SLAxLANSKROUN1,0.923,clustering_candidate,train
20191214-SLAxLANSKROUN1/frame_05714.jpg,data\frames_dense\20191214-SLAxLANSKROUN1_players1\frame_05714.jpg,20191214-SLAxLANSKROUN1,1.116,clustering_candidate,train
20191214-SLAxLANSKROUN1/frame_05402.jpg,data\frames_dense\20191214-SLAxLANSKROUN1_players1\frame_05402.jpg,20191214-SLAxLANSKROUN1,1.319,clustering_candidate,train
20191214-SLAxLANSKROUN1/frame_08415.jpg,data\frames_dense\20191214-SLAxLANSKROUN1_players1\frame_08415.jpg,20191214-SLAxLANSKROUN1,1.314,clustering_candidate,train
20191214-SLAxLANSKROUN1/frame_12590.jpg,data\frames_dense\20191214-SLAxLANSKROUN1_players1\frame_12590.jpg,20191214-SLAxLANSKROUN1,1.123,clustering_candidate,train
20191214-SLAxLANSKROUN1/frame_06157.jpg,data\frames_dense\20191214-SLAxLANSKROUN1_players1\frame_06157.jpg,20191214-SLAxLANSKROUN1,1.369,clustering_candidate,train
20191214-SLAxLANSKROUN1/frame_07895.jpg,data\frames_dense\20191214-SLAxLANSKROUN1_players1\frame_07895.jpg,20191214-SLAxLANSKROUN1,2.066,clustering_candidate,train
20191214-SLAxLANSKROUN1/frame_06574.jpg,data\frames_dense\20191214-SLAxLANSKROUN1_players1\frame_06574.jpg,20191214-SLAxLANSKROUN1,1.016,clustering_candidate,train
20191214-SLAxLANSKROUN1/frame_10913.jpg,data\frames_dense\20191214-SLAxLANSKROUN1_players1\frame_10913.jpg,20191214-SLAxLANSKROUN1,1.298,clustering_candidate,train
20191214-SLAxLANSKROUN1/frame_07084.jpg,data\frames_dense\20191214-SLAxLANSKROUN1_players1\frame_07084.jpg,20191214-SLAxLANSKROUN1,1.379,clustering_candidate,train
20191214-SLAxLANSKROUN1/frame_05100.jpg,data\frames_dense\20191214-SLAxLANSKROUN1_players1\frame_05100.jpg,20191214-SLAxLANSKROUN1,0.836,clustering_candidate,train
20191214-SLAxLANSKROUN1/frame_06704.jpg,data\frames_dense\20191214-SLAxLANSKROUN1_players1\frame_06704.jpg,20191214-SLAxLANSKROUN1,2.403,clustering_candidate,train
20191214-SLAxLANSKROUN1/frame_11278.jpg,data\frames_dense\20191214-SLAxLANSKROUN1_players1\frame_11278.jpg,20191214-SLAxLANSKROUN1,1.12,clustering_candidate,train
20191214-SLAxLANSKROUN1/frame_11651.jpg,data\frames_dense\20191214-SLAxLANSKROUN1_players1\frame_11651.jpg,20191214-SLAxLANSKROUN1,0.886,clustering_candidate,train
20191214-SLAxLANSKROUN1/frame_13293.jpg,data\frames_dense\20191214-SLAxLANSKROUN1_players1\frame_13293.jpg,20191214-SLAxLANSKROUN1,1.391,clustering_candidate,train
20191214-SLAxLANSKROUN1/frame_10691.jpg,data\frames_dense\20191214-SLAxLANSKROUN1_players1\frame_10691.jpg,20191214-SLAxLANSKROUN1,0.941,clustering_candidate,train
20191214-SLAxLANSKROUN1/frame_12584.jpg,data\frames_dense\20191214-SLAxLANSKROUN1_players1\frame_12584.jpg,20191214-SLAxLANSKROUN1,1.27,clustering_candidate,train
20191214-SLAxLANSKROUN1/frame_05839.jpg,data\frames_dense\20191214-SLAxLANSKROUN1_players1\frame_05839.jpg,20191214-SLAxLANSKROUN1,0.859,clustering_candidate,train
20191214-SLAxLANSKROUN1/frame_11250.jpg,data\frames_dense\20191214-SLAxLANSKROUN1_players1\frame_11250.jpg,20191214-SLAxLANSKROUN1,0.816,clustering_candidate,train
20191214-SLAxLANSKROUN1/frame_07578.jpg,data\frames_dense\20191214-SLAxLANSKROUN1_players1\frame_07578.jpg,20191214-SLAxLANSKROUN1,1.122,clustering_candidate,train
20191214-SLAxLANSKROUN1/frame_05568.jpg,data\frames_dense\20191214-SLAxLANSKROUN1_players1\frame_05568.jpg,20191214-SLAxLANSKROUN1,0.846,clustering_candidate,train
20191214-SLAxLANSKROUN1/frame_07767.jpg,data\frames_dense\20191214-SLAxLANSKROUN1_players1\frame_07767.jpg,20191214-SLAxLANSKROUN1,0.946,clustering_candidate,train
20191214-SLAxLANSKROUN1/frame_11031.jpg,data\frames_dense\20191214-SLAxLANSKROUN1_players1\frame_11031.jpg,20191214-SLAxLANSKROUN1,0.813,clustering_candidate,train
20191214-SLAxLANSKROUN1/frame_10093.jpg,data\frames_dense\20191214-SLAxLANSKROUN1_players1\frame_10093.jpg,20191214-SLAxLANSKROUN1,1.219,clustering_candidate,train
20191214-SLAxLANSKROUN1/frame_13146.jpg,data\frames_dense\20191214-SLAxLANSKROUN1_players1\frame_13146.jpg,20191214-SLAxLANSKROUN1,0.824,clustering_candidate,train
20191214-SLAxLANSKROUN1/frame_09038.jpg,data\frames_dense\20191214-SLAxLANSKROUN1_players1\frame_09038.jpg,20191214-SLAxLANSKROUN1,0.862,clustering_candidate,train
20191214-SLAxLANSKROUN1/frame_08703.jpg,data\frames_dense\20191214-SLAxLANSKROUN1_players1\frame_08703.jpg,20191214-SLAxLANSKROUN1,0.955,clustering_candidate,train
20191214-SLAxLANSKROUN1/frame_10796.jpg,data\frames_dense\20191214-SLAxLANSKROUN1_players1\frame_10796.jpg,20191214-SLAxLANSKROUN1,0.845,clustering_candidate,train
20191214-SLAxLANSKROUN1/frame_09663.jpg,data\frames_dense\20191214-SLAxLANSKROUN1_players1\frame_09663.jpg,20191214-SLAxLANSKROUN1,2.145,clustering_candidate,train
20191214-SLAxLANSKROUN1/frame_08352.jpg,data\frames_dense\20191214-SLAxLANSKROUN1_players1\frame_08352.jpg,20191214-SLAxLANSKROUN1,1.112,clustering_candidate,train
20191214-SLAxLANSKROUN1/frame_12899.jpg,data\frames_dense\20191214-SLAxLANSKROUN1_players1\frame_12899.jpg,20191214-SLAxLANSKROUN1,0.904,clustering_candidate,train
20191214-SLAxLANSKROUN1/frame_11484.jpg,data\frames_dense\20191214-SLAxLANSKROUN1_players1\frame_11484.jpg,20191214-SLAxLANSKROUN1,1.476,clustering_candidate,train
20191214-SLAxLANSKROUN1/frame_06558.jpg,data\frames_dense\20191214-SLAxLANSKROUN1_players1\frame_06558.jpg,20191214-SLAxLANSKROUN1,0.807,clustering_candidate,train
20191214-SLAxLANSKROUN1/frame_06641.jpg,data\frames_dense\20191214-SLAxLANSKROUN1_players1\frame_06641.jpg,20191214-SLAxLANSKROUN1,1.307,clustering_candidate,train
20191214-SLAxLANSKROUN1/frame_12650.jpg,data\frames_dense\20191214-SLAxLANSKROUN1_players1\frame_12650.jpg,20191214-SLAxLANSKROUN1,1.514,clustering_candidate,train
20191214-SLAxLANSKROUN1/frame_07094.jpg,data\frames_dense\20191214-SLAxLANSKROUN1_players1\frame_07094.jpg,20191214-SLAxLANSKROUN1,1.38,clustering_candidate,train
20191214-SLAxLANSKROUN1/frame_09323.jpg,data\frames_dense\20191214-SLAxLANSKROUN1_players1\frame_09323.jpg,20191214-SLAxLANSKROUN1,1.059,clustering_candidate,train
20191214-SLAxLANSKROUN1/frame_11956.jpg,data\frames_dense\20191214-SLAxLANSKROUN1_players1\frame_11956.jpg,20191214-SLAxLANSKROUN1,1.411,clustering_candidate,train
20191214-SLAxLANSKROUN1/frame_08168.jpg,data\frames_dense\20191214-SLAxLANSKROUN1_players1\frame_08168.jpg,20191214-SLAxLANSKROUN1,0.815,clustering_candidate,train
20191214-SLAxLANSKROUN1/frame_10218.jpg,data\frames_dense\20191214-SLAxLANSKROUN1_players1\frame_10218.jpg,20191214-SLAxLANSKROUN1,1.293,clustering_candidate,train
20191214-SLAxLANSKROUN1/frame_11628.jpg,data\frames_dense\20191214-SLAxLANSKROUN1_players1\frame_11628.jpg,20191214-SLAxLANSKROUN1,0.86,clustering_candidate,train
20191214-SLAxLANSKROUN1/frame_10422.jpg,data\frames_dense\20191214-SLAxLANSKROUN1_players1\frame_10422.jpg,20191214-SLAxLANSKROUN1,0.915,clustering_candidate,train
20191214-SLAxLANSKROUN1/frame_12374.jpg,data\frames_dense\20191214-SLAxLANSKROUN1_players1\frame_12374.jpg,20191214-SLAxLANSKROUN1,0.862,clustering_candidate,train
20191214-SLAxLANSKROUN1/frame_05205.jpg,data\frames_dense\20191214-SLAxLANSKROUN1_players1\frame_05205.jpg,20191214-SLAxLANSKROUN1,1.323,clustering_candidate,train
20191214-SLAxLANSKROUN1/frame_06030.jpg,data\frames_dense\20191214-SLAxLANSKROUN1_players1\frame_06030.jpg,20191214-SLAxLANSKROUN1,0.826,clustering_candidate,train
20191214-SLAxLANSKROUN1/frame_05992.jpg,data\frames_dense\20191214-SLAxLANSKROUN1_players1\frame_05992.jpg,20191214-SLAxLANSKROUN1,0.892,clustering_candidate,train
20191214-SLAxLANSKROUN1/frame_10816.jpg,data\frames_dense\20191214-SLAxLANSKROUN1_players1\frame_10816.jpg,20191214-SLAxLANSKROUN1,1.375,clustering_candidate,train
20191214-SLAxLANSKROUN1/frame_10209.jpg,data\frames_dense\20191214-SLAxLANSKROUN1_players1\frame_10209.jpg,20191214-SLAxLANSKROUN1,0.807,clustering_candidate,train
20191214-SLAxLANSKROUN1/frame_05573.jpg,data\frames_dense\20191214-SLAxLANSKROUN1_players1\frame_05573.jpg,20191214-SLAxLANSKROUN1,0.967,clustering_candidate,train
20191214-SLAxLANSKROUN1/frame_05447.jpg,data\frames_dense\20191214-SLAxLANSKROUN1_players1\frame_05447.jpg,20191214-SLAxLANSKROUN1,1.424,clustering_candidate,train
20191214-SLAxLANSKROUN1/frame_08818.jpg,data\frames_dense\20191214-SLAxLANSKROUN1_players1\frame_08818.jpg,20191214-SLAxLANSKROUN1,1.653,clustering_candidate,train
20191214-SLAxLANSKROUN1/frame_06955.jpg,data\frames_dense\20191214-SLAxLANSKROUN1_players1\frame_06955.jpg,20191214-SLAxLANSKROUN1,0.876,clustering_candidate,train
20191214-SLAxLANSKROUN1/frame_10140.jpg,data\frames_dense\20191214-SLAxLANSKROUN1_players1\frame_10140.jpg,20191214-SLAxLANSKROUN1,0.898,clustering_candidate,train
20191214-SLAxLANSKROUN1/frame_09873.jpg,data\frames_dense\20191214-SLAxLANSKROUN1_players1\frame_09873.jpg,20191214-SLAxLANSKROUN1,1.435,clustering_candidate,train
20191214-SLAxLANSKROUN1/frame_05186.jpg,data\frames_dense\20191214-SLAxLANSKROUN1_players1\frame_05186.jpg,20191214-SLAxLANSKROUN1,1.397,clustering_candidate,train
20191214-SLAxLANSKROUN1/frame_13930.jpg,data\frames_dense\20191214-SLAxLANSKROUN1_players1\frame_13930.jpg,20191214-SLAxLANSKROUN1,1.332,clustering_candidate,train
20191214-SLAxLANSKROUN1/frame_11213.jpg,data\frames_dense\20191214-SLAxLANSKROUN1_players1\frame_11213.jpg,20191214-SLAxLANSKROUN1,1.601,clustering_candidate,train
20191214-SLAxLANSKROUN1/frame_13349.jpg,data\frames_dense\20191214-SLAxLANSKROUN1_players1\frame_13349.jpg,20191214-SLAxLANSKROUN1,1.268,clustering_candidate,train
20191214-SLAxLANSKROUN1/frame_12622.jpg,data\frames_dense\20191214-SLAxLANSKROUN1_players1\frame_12622.jpg,20191214-SLAxLANSKROUN1,2.177,clustering_candidate,train
20191214-SLAxLANSKROUN1/frame_11973.jpg,data\frames_dense\20191214-SLAxLANSKROUN1_players1\frame_11973.jpg,20191214-SLAxLANSKROUN1,0.92,clustering_candidate,train
20191214-SLAxLANSKROUN1/frame_12547.jpg,data\frames_dense\20191214-SLAxLANSKROUN1_players1\frame_12547.jpg,20191214-SLAxLANSKROUN1,1.089,clustering_candidate,train
20191214-SLAxLANSKROUN1/frame_09658.jpg,data\frames_dense\20191214-SLAxLANSKROUN1_players1\frame_09658.jpg,20191214-SLAxLANSKROUN1,1.292,clustering_candidate,train
20191214-SLAxLANSKROUN1/frame_12297.jpg,data\frames_dense\20191214-SLAxLANSKROUN1_players1\frame_12297.jpg,20191214-SLAxLANSKROUN1,1.017,clustering_candidate,train
20191214-SLAxLANSKROUN1/frame_08155.jpg,data\frames_dense\20191214-SLAxLANSKROUN1_players1\frame_08155.jpg,20191214-SLAxLANSKROUN1,0.81,clustering_candidate,train
20191214-SLAxLANSKROUN1/frame_11590.jpg,data\frames_dense\20191214-SLAxLANSKROUN1_players1\frame_11590.jpg,20191214-SLAxLANSKROUN1,2.048,clustering_candidate,train
20191214-SLAxLANSKROUN1/frame_09738.jpg,data\frames_dense\20191214-SLAxLANSKROUN1_players1\frame_09738.jpg,20191214-SLAxLANSKROUN1,2.322,clustering_candidate,train
20191214-SLAxLANSKROUN1/frame_13912.jpg,data\frames_dense\20191214-SLAxLANSKROUN1_players1\frame_13912.jpg,20191214-SLAxLANSKROUN1,0.893,clustering_candidate,train
20191214-SLAxLANSKROUN1/frame_12554.jpg,data\frames_dense\20191214-SLAxLANSKROUN1_players1\frame_12554.jpg,20191214-SLAxLANSKROUN1,0.916,clustering_candidate,train
20191214-SLAxLANSKROUN1/frame_07252.jpg,data\frames_dense\20191214-SLAxLANSKROUN1_players1\frame_07252.jpg,20191214-SLAxLANSKROUN1,0.918,clustering_candidate,train
20191214-SLAxLANSKROUN1/frame_09693.jpg,data\frames_dense\20191214-SLAxLANSKROUN1_players1\frame_09693.jpg,20191214-SLAxLANSKROUN1,1.121,clustering_candidate,train
20191214-SLAxLANSKROUN1/frame_11656.jpg,data\frames_dense\20191214-SLAxLANSKROUN1_players1\frame_11656.jpg,20191214-SLAxLANSKROUN1,0.984,clustering_candidate,train
20191214-SLAxLANSKROUN1/frame_09773.jpg,data\frames_dense\20191214-SLAxLANSKROUN1_players1\frame_09773.jpg,20191214-SLAxLANSKROUN1,1.37,clustering_candidate,train
20191214-SLAxLANSKROUN1/frame_12613.jpg,data\frames_dense\20191214-SLAxLANSKROUN1_players1\frame_12613.jpg,20191214-SLAxLANSKROUN1,1.078,clustering_candidate,train
20191214-SLAxLANSKROUN1/frame_06470.jpg,data\frames_dense\20191214-SLAxLANSKROUN1_players1\frame_06470.jpg,20191214-SLAxLANSKROUN1,0.856,clustering_candidate,train
20191214-SLAxLANSKROUN1/frame_09406.jpg,data\frames_dense\20191214-SLAxLANSKROUN1_players1\frame_09406.jpg,20191214-SLAxLANSKROUN1,0.821,clustering_candidate,train
20191214-SLAxLANSKROUN1/frame_11193.jpg,data\frames_dense\20191214-SLAxLANSKROUN1_players1\frame_11193.jpg,20191214-SLAxLANSKROUN1,0.937,clustering_candidate,train
20191214-SLAxLANSKROUN1/frame_07592.jpg,data\frames_dense\20191214-SLAxLANSKROUN1_players1\frame_07592.jpg,20191214-SLAxLANSKROUN1,0.947,clustering_candidate,train
20191214-SLAxLANSKROUN1/frame_09472.jpg,data\frames_dense\20191214-SLAxLANSKROUN1_players1\frame_09472.jpg,20191214-SLAxLANSKROUN1,3.392,clustering_candidate,train
20191214-SLAxLANSKROUN1/frame_12853.jpg,data\frames_dense\20191214-SLAxLANSKROUN1_players1\frame_12853.jpg,20191214-SLAxLANSKROUN1,1.183,clustering_candidate,train
20191214-SLAxLANSKROUN1/frame_10435.jpg,data\frames_dense\20191214-SLAxLANSKROUN1_players1\frame_10435.jpg,20191214-SLAxLANSKROUN1,1.351,clustering_candidate,train
20191214-SLAxLANSKROUN1/frame_07259.jpg,data\frames_dense\20191214-SLAxLANSKROUN1_players1\frame_07259.jpg,20191214-SLAxLANSKROUN1,1.394,clustering_candidate,train
20191214-SLAxLANSKROUN1/frame_09486.jpg,data\frames_dense\20191214-SLAxLANSKROUN1_players1\frame_09486.jpg,20191214-SLAxLANSKROUN1,1.367,clustering_candidate,train
20191214-SLAxLANSKROUN1/frame_07296.jpg,data\frames_dense\20191214-SLAxLANSKROUN1_players1\frame_07296.jpg,20191214-SLAxLANSKROUN1,1.448,clustering_candidate,train
20191214-SLAxLANSKROUN1/frame_05779.jpg,data\frames_dense\20191214-SLAxLANSKROUN1_players1\frame_05779.jpg,20191214-SLAxLANSKROUN1,0.889,clustering_candidate,train
20191214-SLAxLANSKROUN1/frame_09023.jpg,data\frames_dense\20191214-SLAxLANSKROUN1_players1\frame_09023.jpg,20191214-SLAxLANSKROUN1,1.902,clustering_candidate,train
20191214-SLAxLANSKROUN1/frame_12015.jpg,data\frames_dense\20191214-SLAxLANSKROUN1_players1\frame_12015.jpg,20191214-SLAxLANSKROUN1,1.775,clustering_candidate,train
20191214-SLAxLANSKROUN1/frame_09108.jpg,data\frames_dense\20191214-SLAxLANSKROUN1_players1\frame_09108.jpg,20191214-SLAxLANSKROUN1,0.906,clustering_candidate,train
20191214-SLAxLANSKROUN1/frame_11523.jpg,data\frames_dense\20191214-SLAxLANSKROUN1_players1\frame_11523.jpg,20191214-SLAxLANSKROUN1,0.963,clustering_candidate,train
20191214-SLAxLANSKROUN1/frame_07538.jpg,data\frames_dense\20191214-SLAxLANSKROUN1_players1\frame_07538.jpg,20191214-SLAxLANSKROUN1,0.85,clustering_candidate,train
20191214-SLAxLANSKROUN1/frame_13922.jpg,data\frames_dense\20191214-SLAxLANSKROUN1_players1\frame_13922.jpg,20191214-SLAxLANSKROUN1,1.342,clustering_candidate,train
20191214-SLAxLANSKROUN1/frame_05578.jpg,data\frames_dense\20191214-SLAxLANSKROUN1_players1\frame_05578.jpg,20191214-SLAxLANSKROUN1,1.129,clustering_candidate,train
20191214-SLAxLANSKROUN1/frame_08673.jpg,data\frames_dense\20191214-SLAxLANSKROUN1_players1\frame_08673.jpg,20191214-SLAxLANSKROUN1,0.889,clustering_candidate,train
20191214-SLAxLANSKROUN1/frame_09439.jpg,data\frames_dense\20191214-SLAxLANSKROUN1_players1\frame_09439.jpg,20191214-SLAxLANSKROUN1,0.883,clustering_candidate,train
20191214-SLAxLANSKROUN1/frame_12542.jpg,data\frames_dense\20191214-SLAxLANSKROUN1_players1\frame_12542.jpg,20191214-SLAxLANSKROUN1,1.073,clustering_candidate,train
20191214-SLAxLANSKROUN1/frame_06019.jpg,data\frames_dense\20191214-SLAxLANSKROUN1_players1\frame_06019.jpg,20191214-SLAxLANSKROUN1,0.938,clustering_candidate,train
20191214-SLAxLANSKROUN1/frame_12386.jpg,data\frames_dense\20191214-SLAxLANSKROUN1_players1\frame_12386.jpg,20191214-SLAxLANSKROUN1,1.383,clustering_candidate,train
20191214-SLAxLANSKROUN1/frame_11136.jpg,data\frames_dense\20191214-SLAxLANSKROUN1_players1\frame_11136.jpg,20191214-SLAxLANSKROUN1,1.195,clustering_candidate,train
20191214-SLAxLANSKROUN1/frame_06652.jpg,data\frames_dense\20191214-SLAxLANSKROUN1_players1\frame_06652.jpg,20191214-SLAxLANSKROUN1,1.259,clustering_candidate,train
20191214-SLAxLANSKROUN1/frame_08657.jpg,data\frames_dense\20191214-SLAxLANSKROUN1_players1\frame_08657.jpg,20191214-SLAxLANSKROUN1,0.837,clustering_candidate,train
20191214-SLAxLANSKROUN1/frame_08146.jpg,data\frames_dense\20191214-SLAxLANSKROUN1_players1\frame_08146.jpg,20191214-SLAxLANSKROUN1,0.824,clustering_candidate,train
20191214-SLAxLANSKROUN1/frame_05963.jpg,data\frames_dense\20191214-SLAxLANSKROUN1_players1\frame_05963.jpg,20191214-SLAxLANSKROUN1,1.334,clustering_candidate,train
20191214-SLAxLANSKROUN1/frame_10114.jpg,data\frames_dense\20191214-SLAxLANSKROUN1_players1\frame_10114.jpg,20191214-SLAxLANSKROUN1,1.177,clustering_candidate,train
20191214-SLAxLANSKROUN1/frame_09011.jpg,data\frames_dense\20191214-SLAxLANSKROUN1_players1\frame_09011.jpg,20191214-SLAxLANSKROUN1,0.975,clustering_candidate,train
20191214-SLAxLANSKROUN1/frame_10155.jpg,data\frames_dense\20191214-SLAxLANSKROUN1_players1\frame_10155.jpg,20191214-SLAxLANSKROUN1,1.278,clustering_candidate,train
20191214-SLAxLANSKROUN1/frame_12532.jpg,data\frames_dense\20191214-SLAxLANSKROUN1_players1\frame_12532.jpg,20191214-SLAxLANSKROUN1,0.897,clustering_candidate,train
20191214-SLAxLANSKROUN1/frame_05008.jpg,data\frames_dense\20191214-SLAxLANSKROUN1_players1\frame_05008.jpg,20191214-SLAxLANSKROUN1,1.174,clustering_candidate,train
20191214-SLAxLANSKROUN1/frame_11096.jpg,data\frames_dense\20191214-SLAxLANSKROUN1_players1\frame_11096.jpg,20191214-SLAxLANSKROUN1,1.527,clustering_candidate,train
20191214-SLAxLANSKROUN1/frame_06360.jpg,data\frames_dense\20191214-SLAxLANSKROUN1_players1\frame_06360.jpg,20191214-SLAxLANSKROUN1,0.835,clustering_candidate,train
20191214-SLAxLANSKROUN1/frame_05181.jpg,data\frames_dense\20191214-SLAxLANSKROUN1_players1\frame_05181.jpg,20191214-SLAxLANSKROUN1,1.332,clustering_candidate,train
20191214-SLAxLANSKROUN1/frame_05953.jpg,data\frames_dense\20191214-SLAxLANSKROUN1_players1\frame_05953.jpg,20191214-SLAxLANSKROUN1,0.844,clustering_candidate,train
20191214-SLAxLANSKROUN1/frame_09286.jpg,data\frames_dense\20191214-SLAxLANSKROUN1_players1\frame_09286.jpg,20191214-SLAxLANSKROUN1,0.811,clustering_candidate,train
20191214-SLAxLANSKROUN1/frame_12640.jpg,data\frames_dense\20191214-SLAxLANSKROUN1_players1\frame_12640.jpg,20191214-SLAxLANSKROUN1,1.534,clustering_candidate,train
20191214-SLAxLANSKROUN1/frame_11546.jpg,data\frames_dense\20191214-SLAxLANSKROUN1_players1\frame_11546.jpg,20191214-SLAxLANSKROUN1,1.172,clustering_candidate,train
20191214-SLAxLANSKROUN1/frame_13747.jpg,data\frames_dense\20191214-SLAxLANSKROUN1_players1\frame_13747.jpg,20191214-SLAxLANSKROUN1,1.178,clustering_candidate,train
20191214-SLAxLANSKROUN1/frame_08304.jpg,data\frames_dense\20191214-SLAxLANSKROUN1_players1\frame_08304.jpg,20191214-SLAxLANSKROUN1,1.252,clustering_candidate,train
20191214-SLAxLANSKROUN1/frame_09998.jpg,data\frames_dense\20191214-SLAxLANSKROUN1_players1\frame_09998.jpg,20191214-SLAxLANSKROUN1,1.293,clustering_candidate,train
20191214-SLAxLANSKROUN1/frame_11498.jpg,data\frames_dense\20191214-SLAxLANSKROUN1_players1\frame_11498.jpg,20191214-SLAxLANSKROUN1,1.323,clustering_candidate,train
20191214-SLAxLANSKROUN1/frame_10561.jpg,data\frames_dense\20191214-SLAxLANSKROUN1_players1\frame_10561.jpg,20191214-SLAxLANSKROUN1,0.829,clustering_candidate,train
20191214-SLAxLANSKROUN1/frame_06435.jpg,data\frames_dense\20191214-SLAxLANSKROUN1_players1\frame_06435.jpg,20191214-SLAxLANSKROUN1,1.069,clustering_candidate,train
20191214-SLAxLANSKROUN1/frame_12097.jpg,data\frames_dense\20191214-SLAxLANSKROUN1_players1\frame_12097.jpg,20191214-SLAxLANSKROUN1,1.057,clustering_candidate,train
20191214-SLAxLANSKROUN1/frame_10150.jpg,data\frames_dense\20191214-SLAxLANSKROUN1_players1\frame_10150.jpg,20191214-SLAxLANSKROUN1,1.284,clustering_candidate,train
20191214-SLAxLANSKROUN1/frame_06025.jpg,data\frames_dense\20191214-SLAxLANSKROUN1_players1\frame_06025.jpg,20191214-SLAxLANSKROUN1,0.917,clustering_candidate,train
20191214-SLAxLANSKROUN1/frame_06419.jpg,data\frames_dense\20191214-SLAxLANSKROUN1_players1\frame_06419.jpg,20191214-SLAxLANSKROUN1,0.923,clustering_candidate,train
20191214-SLAxLANSKROUN1/frame_09921.jpg,data\frames_dense\20191214-SLAxLANSKROUN1_players1\frame_09921.jpg,20191214-SLAxLANSKROUN1,1.175,clustering_candidate,train
20191214-SLAxLANSKROUN1/frame_07271.jpg,data\frames_dense\20191214-SLAxLANSKROUN1_players1\frame_07271.jpg,20191214-SLAxLANSKROUN1,0.884,clustering_candidate,train
20191214-SLAxLANSKROUN1/frame_12947.jpg,data\frames_dense\20191214-SLAxLANSKROUN1_players1\frame_12947.jpg,20191214-SLAxLANSKROUN1,1.066,clustering_candidate,train
20191214-SLAxLANSKROUN1/frame_09096.jpg,data\frames_dense\20191214-SLAxLANSKROUN1_players1\frame_09096.jpg,20191214-SLAxLANSKROUN1,0.903,clustering_candidate,train
20191214-SLAxLANSKROUN1/frame_06375.jpg,data\frames_dense\20191214-SLAxLANSKROUN1_players1\frame_06375.jpg,20191214-SLAxLANSKROUN1,0.863,clustering_candidate,train
20191214-SLAxLANSKROUN1/frame_13608.jpg,data\frames_dense\20191214-SLAxLANSKROUN1_players1\frame_13608.jpg,20191214-SLAxLANSKROUN1,0.865,clustering_candidate,train
20191214-SLAxLANSKROUN1/frame_09611.jpg,data\frames_dense\20191214-SLAxLANSKROUN1_players1\frame_09611.jpg,20191214-SLAxLANSKROUN1,1.277,clustering_candidate,train
20191214-SLAxLANSKROUN1/frame_07149.jpg,data\frames_dense\20191214-SLAxLANSKROUN1_players1\frame_07149.jpg,20191214-SLAxLANSKROUN1,1.444,clustering_candidate,train
20191214-SLAxLANSKROUN1/frame_12579.jpg,data\frames_dense\20191214-SLAxLANSKROUN1_players1\frame_12579.jpg,20191214-SLAxLANSKROUN1,1.126,clustering_candidate,train
20191214-SLAxLANSKROUN1/frame_08599.jpg,data\frames_dense\20191214-SLAxLANSKROUN1_players1\frame_08599.jpg,20191214-SLAxLANSKROUN1,1.623,clustering_candidate,train
20191214-SLAxLANSKROUN1/frame_10577.jpg,data\frames_dense\20191214-SLAxLANSKROUN1_players1\frame_10577.jpg,20191214-SLAxLANSKROUN1,1.352,clustering_candidate,train
20191214-SLAxLANSKROUN1/frame_12163.jpg,data\frames_dense\20191214-SLAxLANSKROUN1_players1\frame_12163.jpg,20191214-SLAxLANSKROUN1,0.817,clustering_candidate,train
20191214-SLAxLANSKROUN1/frame_09853.jpg,data\frames_dense\20191214-SLAxLANSKROUN1_players1\frame_09853.jpg,20191214-SLAxLANSKROUN1,1.451,clustering_candidate,train
20191214-SLAxLANSKROUN1/frame_11176.jpg,data\frames_dense\20191214-SLAxLANSKROUN1_players1\frame_11176.jpg,20191214-SLAxLANSKROUN1,1.424,clustering_candidate,train
20191214-SLAxLANSKROUN1/frame_12400.jpg,data\frames_dense\20191214-SLAxLANSKROUN1_players1\frame_12400.jpg,20191214-SLAxLANSKROUN1,0.809,clustering_candidate,train
20191214-SLAxLANSKROUN1/frame_12599.jpg,data\frames_dense\20191214-SLAxLANSKROUN1_players1\frame_12599.jpg,20191214-SLAxLANSKROUN1,1.182,clustering_candidate,train
20191214-SLAxLANSKROUN1/frame_09254.jpg,data\frames_dense\20191214-SLAxLANSKROUN1_players1\frame_09254.jpg,20191214-SLAxLANSKROUN1,1.355,clustering_candidate,train
20191214-SLAxLANSKROUN1/frame_05549.jpg,data\frames_dense\20191214-SLAxLANSKROUN1_players1\frame_05549.jpg,20191214-SLAxLANSKROUN1,0.813,clustering_candidate,train
20191214-SLAxLANSKROUN1/frame_11283.jpg,data\frames_dense\20191214-SLAxLANSKROUN1_players1\frame_11283.jpg,20191214-SLAxLANSKROUN1,0.857,clustering_candidate,train
20191214-SLAxLANSKROUN1/frame_10984.jpg,data\frames_dense\20191214-SLAxLANSKROUN1_players1\frame_10984.jpg,20191214-SLAxLANSKROUN1,1.214,clustering_candidate,train
20191214-SLAxLANSKROUN1/frame_10044.jpg,data\frames_dense\20191214-SLAxLANSKROUN1_players1\frame_10044.jpg,20191214-SLAxLANSKROUN1,0.001,random_negative,val
20191214-SLAxLANSKROUN1/frame_13744.jpg,data\frames_dense\20191214-SLAxLANSKROUN1_players1\frame_13744.jpg,20191214-SLAxLANSKROUN1,0.057,random_negative,val
20191214-SLAxLANSKROUN1/frame_05821.jpg,data\frames_dense\20191214-SLAxLANSKROUN1_players1\frame_05821.jpg,20191214-SLAxLANSKROUN1,0.0,random_negative,val
20191214-SLAxLANSKROUN1/frame_13951.jpg,data\frames_dense\20191214-SLAxLANSKROUN1_players1\frame_13951.jpg,20191214-SLAxLANSKROUN1,0.0,random_negative,val
20191214-SLAxLANSKROUN1/frame_12867.jpg,data\frames_dense\20191214-SLAxLANSKROUN1_players1\frame_12867.jpg,20191214-SLAxLANSKROUN1,0.0,random_negative,val
20191214-SLAxLANSKROUN1/frame_12703.jpg,data\frames_dense\20191214-SLAxLANSKROUN1_players1\frame_12703.jpg,20191214-SLAxLANSKROUN1,0.055,random_negative,val
20191214-SLAxLANSKROUN1/frame_10223.jpg,data\frames_dense\20191214-SLAxLANSKROUN1_players1\frame_10223.jpg,20191214-SLAxLANSKROUN1,0.039,random_negative,val
20191214-SLAxLANSKROUN1/frame_10660.jpg,data\frames_dense\20191214-SLAxLANSKROUN1_players1\frame_10660.jpg,20191214-SLAxLANSKROUN1,0.01,random_negative,val
20191214-SLAxLANSKROUN1/frame_13683.jpg,data\frames_dense\20191214-SLAxLANSKROUN1_players1\frame_13683.jpg,20191214-SLAxLANSKROUN1,0.033,random_negative,val
20191214-SLAxLANSKROUN1/frame_10478.jpg,data\frames_dense\20191214-SLAxLANSKROUN1_players1\frame_10478.jpg,20191214-SLAxLANSKROUN1,0.0,random_negative,train
20191214-SLAxLANSKROUN1/frame_12684.jpg,data\frames_dense\20191214-SLAxLANSKROUN1_players1\frame_12684.jpg,20191214-SLAxLANSKROUN1,0.0,random_negative,train
20191214-SLAxLANSKROUN1/frame_05394.jpg,data\frames_dense\20191214-SLAxLANSKROUN1_players1\frame_05394.jpg,20191214-SLAxLANSKROUN1,0.0,random_negative,train
20191214-SLAxLANSKROUN1/frame_05927.jpg,data\frames_dense\20191214-SLAxLANSKROUN1_players1\frame_05927.jpg,20191214-SLAxLANSKROUN1,0.0,random_negative,train
20191214-SLAxLANSKROUN1/frame_11469.jpg,data\frames_dense\20191214-SLAxLANSKROUN1_players1\frame_11469.jpg,20191214-SLAxLANSKROUN1,0.018,random_negative,train
20191214-SLAxLANSKROUN1/frame_08467.jpg,data\frames_dense\20191214-SLAxLANSKROUN1_players1\frame_08467.jpg,20191214-SLAxLANSKROUN1,0.0,random_negative,train
20191214-SLAxLANSKROUN1/frame_13001.jpg,data\frames_dense\20191214-SLAxLANSKROUN1_players1\frame_13001.jpg,20191214-SLAxLANSKROUN1,0.043,random_negative,train
20191214-SLAxLANSKROUN1/frame_12344.jpg,data\frames_dense\20191214-SLAxLANSKROUN1_players1\frame_12344.jpg,20191214-SLAxLANSKROUN1,0.0,random_negative,train
20191214-SLAxLANSKROUN1/frame_13278.jpg,data\frames_dense\20191214-SLAxLANSKROUN1_players1\frame_13278.jpg,20191214-SLAxLANSKROUN1,0.0,random_negative,train
20191214-SLAxLANSKROUN1/frame_10681.jpg,data\frames_dense\20191214-SLAxLANSKROUN1_players1\frame_10681.jpg,20191214-SLAxLANSKROUN1,0.0,random_negative,train
20191214-SLAxLANSKROUN1/frame_07090.jpg,data\frames_dense\20191214-SLAxLANSKROUN1_players1\frame_07090.jpg,20191214-SLAxLANSKROUN1,0.054,random_negative,train
20191214-SLAxLANSKROUN1/frame_09311.jpg,data\frames_dense\20191214-SLAxLANSKROUN1_players1\frame_09311.jpg,20191214-SLAxLANSKROUN1,0.0,random_negative,train
20191214-SLAxLANSKROUN1/frame_07441.jpg,data\frames_dense\20191214-SLAxLANSKROUN1_players1\frame_07441.jpg,20191214-SLAxLANSKROUN1,0.0,random_negative,train
20191214-SLAxLANSKROUN1/frame_08219.jpg,data\frames_dense\20191214-SLAxLANSKROUN1_players1\frame_08219.jpg,20191214-SLAxLANSKROUN1,0.0,random_negative,train
20191214-SLAxLANSKROUN1/frame_13539.jpg,data\frames_dense\20191214-SLAxLANSKROUN1_players1\frame_13539.jpg,20191214-SLAxLANSKROUN1,0.0,random_negative,train
20191214-SLAxLANSKROUN1/frame_11698.jpg,data\frames_dense\20191214-SLAxLANSKROUN1_players1\frame_11698.jpg,20191214-SLAxLANSKROUN1,0.0,random_negative,train
20191214-SLAxLANSKROUN1/frame_08899.jpg,data\frames_dense\20191214-SLAxLANSKROUN1_players1\frame_08899.jpg,20191214-SLAxLANSKROUN1,0.0,random_negative,train
20191214-SLAxLANSKROUN1/frame_10966.jpg,data\frames_dense\20191214-SLAxLANSKROUN1_players1\frame_10966.jpg,20191214-SLAxLANSKROUN1,0.0,random_negative,train
20191214-SLAxLANSKROUN1/frame_08061.jpg,data\frames_dense\20191214-SLAxLANSKROUN1_players1\frame_08061.jpg,20191214-SLAxLANSKROUN1,0.0,random_negative,train
20191214-SLAxLANSKROUN1/frame_13069.jpg,data\frames_dense\20191214-SLAxLANSKROUN1_players1\frame_13069.jpg,20191214-SLAxLANSKROUN1,0.0,random_negative,train
20191214-SLAxLANSKROUN1/frame_06673.jpg,data\frames_dense\20191214-SLAxLANSKROUN1_players1\frame_06673.jpg,20191214-SLAxLANSKROUN1,0.0,random_negative,train
20191214-SLAxLANSKROUN1/frame_10974.jpg,data\frames_dense\20191214-SLAxLANSKROUN1_players1\frame_10974.jpg,20191214-SLAxLANSKROUN1,0.041,random_negative,train
20191214-SLAxLANSKROUN1/frame_11843.jpg,data\frames_dense\20191214-SLAxLANSKROUN1_players1\frame_11843.jpg,20191214-SLAxLANSKROUN1,0.0,random_negative,train
20191214-SLAxLANSKROUN1/frame_06977.jpg,data\frames_dense\20191214-SLAxLANSKROUN1_players1\frame_06977.jpg,20191214-SLAxLANSKROUN1,0.0,random_negative,train
20191214-SLAxLANSKROUN1/frame_10897.jpg,data\frames_dense\20191214-SLAxLANSKROUN1_players1\frame_10897.jpg,20191214-SLAxLANSKROUN1,0.0,random_negative,train
20191214-SLAxLANSKROUN1/frame_05654.jpg,data\frames_dense\20191214-SLAxLANSKROUN1_players1\frame_05654.jpg,20191214-SLAxLANSKROUN1,0.019,random_negative,train
20191214-SLAxLANSKROUN1/frame_12193.jpg,data\frames_dense\20191214-SLAxLANSKROUN1_players1\frame_12193.jpg,20191214-SLAxLANSKROUN1,0.0,random_negative,train
20191214-SLAxLANSKROUN1/frame_12032.jpg,data\frames_dense\20191214-SLAxLANSKROUN1_players1\frame_12032.jpg,20191214-SLAxLANSKROUN1,0.0,random_negative,train
20191214-SLAxLANSKROUN1/frame_06325.jpg,data\frames_dense\20191214-SLAxLANSKROUN1_players1\frame_06325.jpg,20191214-SLAxLANSKROUN1,0.0,random_negative,train
20191214-SLAxLANSKROUN1/frame_11884.jpg,data\frames_dense\20191214-SLAxLANSKROUN1_players1\frame_11884.jpg,20191214-SLAxLANSKROUN1,0.0,random_negative,train
20191214-SLAxLANSKROUN1/frame_08745.jpg,data\frames_dense\20191214-SLAxLANSKROUN1_players1\frame_08745.jpg,20191214-SLAxLANSKROUN1,0.017,random_negative,train
20191214-SLAxLANSKROUN1/frame_10887.jpg,data\frames_dense\20191214-SLAxLANSKROUN1_players1\frame_10887.jpg,20191214-SLAxLANSKROUN1,0.003,random_negative,train
20191214-SLAxLANSKROUN1/frame_06225.jpg,data\frames_dense\20191214-SLAxLANSKROUN1_players1\frame_06225.jpg,20191214-SLAxLANSKROUN1,0.0,random_negative,train
20191214-SLAxLANSKROUN1/frame_07890.jpg,data\frames_dense\20191214-SLAxLANSKROUN1_players1\frame_07890.jpg,20191214-SLAxLANSKROUN1,0.012,random_negative,train
20191214-SLAxLANSKROUN1/frame_06199.jpg,data\frames_dense\20191214-SLAxLANSKROUN1_players1\frame_06199.jpg,20191214-SLAxLANSKROUN1,0.0,random_negative,train
20191214-SLAxLANSKROUN1/frame_10447.jpg,data\frames_dense\20191214-SLAxLANSKROUN1_players1\frame_10447.jpg,20191214-SLAxLANSKROUN1,0.0,random_negative,train
20191214-SLAxLANSKROUN1/frame_13364.jpg,data\frames_dense\20191214-SLAxLANSKROUN1_players1\frame_13364.jpg,20191214-SLAxLANSKROUN1,0.023,random_negative,train
20191214-SLAxLANSKROUN1/frame_05595.jpg,data\frames_dense\20191214-SLAxLANSKROUN1_players1\frame_05595.jpg,20191214-SLAxLANSKROUN1,0.057,random_negative,train
20191214-SLAxLANSKROUN1/frame_06174.jpg,data\frames_dense\20191214-SLAxLANSKROUN1_players1\frame_06174.jpg,20191214-SLAxLANSKROUN1,0.0,random_negative,train
20191214-SLAxLANSKROUN1/frame_11736.jpg,data\frames_dense\20191214-SLAxLANSKROUN1_players1\frame_11736.jpg,20191214-SLAxLANSKROUN1,0.012,random_negative,train
20191214-SLAxLANSKROUN1/frame_09838.jpg,data\frames_dense\20191214-SLAxLANSKROUN1_players1\frame_09838.jpg,20191214-SLAxLANSKROUN1,0.048,random_negative,train
20191214-SLAxLANSKROUN1/frame_10512.jpg,data\frames_dense\20191214-SLAxLANSKROUN1_players1\frame_10512.jpg,20191214-SLAxLANSKROUN1,0.0,random_negative,train
20191214-SLAxLANSKROUN1/frame_06193.jpg,data\frames_dense\20191214-SLAxLANSKROUN1_players1\frame_06193.jpg,20191214-SLAxLANSKROUN1,0.0,random_negative,train
20191214-SLAxLANSKROUN1/frame_06833.jpg,data\frames_dense\20191214-SLAxLANSKROUN1_players1\frame_06833.jpg,20191214-SLAxLANSKROUN1,0.011,random_negative,train
20191214-SLAxLANSKROUN1/frame_12024.jpg,data\frames_dense\20191214-SLAxLANSKROUN1_players1\frame_12024.jpg,20191214-SLAxLANSKROUN1,0.0,random_negative,train
20191214-SLAxLANSKROUN1/frame_08021.jpg,data\frames_dense\20191214-SLAxLANSKROUN1_players1\frame_08021.jpg,20191214-SLAxLANSKROUN1,0.0,random_negative,train
20191214-SLAxLANSKROUN1/frame_08133.jpg,data\frames_dense\20191214-SLAxLANSKROUN1_players1\frame_08133.jpg,20191214-SLAxLANSKROUN1,0.0,random_negative,train
20191214-SLAxLANSKROUN1/frame_13463.jpg,data\frames_dense\20191214-SLAxLANSKROUN1_players1\frame_13463.jpg,20191214-SLAxLANSKROUN1,0.0,random_negative,train
20191214-SLAxLANSKROUN1/frame_06863.jpg,data\frames_dense\20191214-SLAxLANSKROUN1_players1\frame_06863.jpg,20191214-SLAxLANSKROUN1,0.048,random_negative,train
20191214-SLAxLANSKROUN1/frame_11747.jpg,data\frames_dense\20191214-SLAxLANSKROUN1_players1\frame_11747.jpg,20191214-SLAxLANSKROUN1,0.001,random_negative,train
20191214-SLAxLANSKROUN1/frame_11637.jpg,data\frames_dense\20191214-SLAxLANSKROUN1_players1\frame_11637.jpg,20191214-SLAxLANSKROUN1,0.055,random_negative,train
