frame_idx,class,x1,y1,x2,y2,confidence
26700,ball,1905.8,723.4,1919.8,744.0,0.164
26701,ball,1906.3,725.2,1919.7,743.5,0.127
26702,ball,1908.5,727.3,1919.9,746.3,0.148
26717,ball,1208.6,513.9,1235.4,545.5,0.22
26717,ball,798.5,398.6,816.0,412.5,0.102
26718,ball,1207.9,513.4,1235.1,544.2,0.245
26719,ball,1204.6,512.5,1235.1,545.6,0.108
26724,ball,1195.7,509.7,1221.8,545.5,0.119
26725,ball,1092.1,496.3,1118.5,523.6,0.126
26740,ball,48.2,857.3,70.5,874.1,0.105
26741,ball,506.0,889.4,529.0,909.0,0.3
26741,ball,48.2,857.3,70.5,874.1,0.105
26742,ball,48.2,857.3,70.5,874.1,0.105
26743,ball,47.8,857.4,70.4,874.1,0.107
26744,ball,47.8,857.4,70.4,874.1,0.102
26745,ball,47.8,857.4,70.4,874.1,0.102
26746,ball,47.8,857.4,70.4,874.1,0.102
26750,ball,527.4,971.4,549.5,992.1,0.228
26751,ball,1047.9,497.2,1080.4,526.2,0.144
26752,ball,1048.5,496.2,1079.6,524.7,0.149
26786,ball,1143.9,500.9,1168.8,523.7,0.14
26787,ball,1140.2,499.3,1167.5,523.9,0.226
26788,ball,1139.5,498.2,1166.7,524.1,0.201
26796,ball,802.8,397.3,820.2,412.3,0.226
26815,ball,794.4,482.0,813.3,500.8,0.111
26822,ball,47.1,855.4,70.0,875.0,0.291
26823,ball,47.0,855.3,70.1,875.1,0.286
26824,ball,47.0,855.3,70.1,875.1,0.281
26825,ball,47.0,855.3,70.1,875.1,0.279
26826,ball,46.9,855.2,70.1,875.1,0.269
26827,ball,46.9,855.2,70.1,875.1,0.246
26828,ball,46.9,855.2,70.1,875.1,0.244
26829,ball,46.9,855.2,70.1,875.1,0.247
26830,ball,46.8,855.1,70.2,875.2,0.234
26831,ball,46.9,855.3,70.2,875.2,0.232
26832,ball,47.0,855.3,70.1,875.2,0.234
26833,ball,47.0,855.3,70.1,875.1,0.237
26833,ball,630.3,539.2,659.4,565.6,0.142
26834,ball,47.1,855.4,70.2,875.2,0.248
26834,ball,630.2,539.4,658.7,564.0,0.141
26835,ball,47.1,855.5,70.1,875.0,0.242
26835,ball,630.0,539.8,658.4,564.2,0.188
26836,ball,47.1,855.5,70.1,875.1,0.24
26837,ball,47.1,855.5,70.1,875.1,0.24
26838,ball,47.1,855.5,70.1,875.0,0.233
26839,ball,47.1,855.5,70.1,875.2,0.26
26840,ball,47.1,855.4,70.1,875.2,0.258
26841,ball,47.0,855.4,70.1,875.2,0.254
26842,ball,47.1,855.3,70.1,875.2,0.277
26843,ball,47.1,855.5,70.1,875.3,0.255
26844,ball,47.1,855.4,70.2,875.3,0.253
26845,ball,47.1,855.5,70.1,875.2,0.265
26846,ball,47.1,855.5,70.2,875.3,0.259
26847,ball,47.2,855.5,70.3,875.2,0.264
26848,ball,47.2,855.4,70.3,875.2,0.262
26848,ball,657.9,529.1,677.5,548.9,0.113
26849,ball,47.1,855.4,70.3,875.3,0.254
26849,ball,656.3,529.3,676.3,548.5,0.139
26850,ball,46.9,856.0,70.7,874.4,0.285
26858,ball,1088.3,481.3,1106.5,502.2,0.151
26865,ball,1528.6,757.3,1558.6,781.5,0.177
26866,ball,1529.3,755.1,1559.7,778.8,0.105
26868,ball,1530.3,752.2,1560.5,774.6,0.232
26869,ball,1530.6,750.1,1560.9,773.6,0.161
26914,ball,1848.5,575.2,1876.5,596.0,0.263
26914,ball,48.4,856.0,71.4,873.9,0.101
26915,ball,1809.0,561.7,1843.8,591.0,0.682
26915,ball,48.4,856.0,71.4,873.9,0.103
26916,ball,1767.3,554.0,1803.3,585.7,0.722
26916,ball,48.3,856.0,71.4,873.9,0.104
26917,ball,1724.2,540.4,1764.7,579.0,0.794
26917,ball,48.2,855.9,71.1,874.0,0.135
26918,ball,1676.5,536.2,1713.9,577.1,0.727
26918,ball,48.4,856.0,71.3,874.0,0.118
26919,ball,1620.9,524.1,1659.4,563.4,0.734
26919,ball,48.4,856.0,71.3,874.0,0.119
26920,ball,1561.8,517.7,1603.2,560.6,0.763
26920,ball,48.4,856.0,71.3,874.0,0.121
26921,ball,48.7,856.3,71.4,873.8,0.112
26922,ball,1430.9,505.3,1476.9,552.1,0.745
26922,ball,48.6,856.1,71.4,873.8,0.117
26923,ball,1361.8,502.8,1413.1,553.1,0.759
26923,ball,48.6,856.1,71.4,873.8,0.115
26924,ball,1293.0,500.1,1339.8,545.2,0.232
26924,ball,48.6,856.1,71.4,873.8,0.11
26925,ball,48.5,855.9,71.4,873.8,0.121
26926,ball,1148.9,502.7,1190.7,548.2,0.729
26926,ball,48.1,856.0,71.1,873.9,0.123
26927,ball,1089.9,505.6,1123.9,545.1,0.303
26927,ball,48.1,856.0,71.1,873.9,0.114
26929,ball,938.2,516.1,983.2,557.7,0.784
26930,ball,874.8,522.3,919.5,569.4,0.796
26932,ball,757.5,543.5,792.7,584.2,0.568
26933,ball,709.6,556.8,749.0,592.3,0.738
26934,ball,664.9,573.5,694.4,601.7,0.615
26935,ball,619.5,584.8,652.0,615.2,0.675
26936,ball,579.5,596.3,614.5,628.4,0.771
26936,ball,1563.9,550.6,1593.6,580.9,0.199
26937,ball,546.5,607.4,581.7,640.6,0.673
26940,ball,778.5,431.1,797.7,445.5,0.114
26943,ball,412.1,650.2,438.6,675.8,0.109
26944,ball,414.9,632.8,445.5,659.9,0.666
26945,ball,418.3,614.7,449.6,643.8,0.625
26946,ball,422.4,593.1,454.2,627.8,0.714
26947,ball,427.6,581.5,457.1,609.9,0.664
26949,ball,1756.5,733.9,1776.4,750.1,0.101
26953,ball,474.9,498.5,500.4,530.3,0.143
26954,ball,475.3,484.1,506.2,518.7,0.123
26955,ball,484.3,477.0,516.5,508.6,0.758
26956,ball,494.2,466.0,530.2,500.8,0.797
26957,ball,503.3,458.1,534.8,493.2,0.728
26958,ball,512.3,451.8,546.2,486.1,0.695
26959,ball,522.2,444.7,559.0,481.9,0.743
26960,ball,532.7,443.9,567.9,477.9,0.525
26961,ball,547.1,439.3,579.8,474.1,0.753
26962,ball,557.9,434.7,595.3,472.5,0.717
26963,ball,573.2,435.0,606.5,471.1,0.742
26964,ball,584.9,437.6,613.6,472.2,0.176
26966,ball,1434.5,598.6,1460.6,626.3,0.122
26967,ball,630.2,446.2,666.3,489.6,0.275
26967,ball,47.3,856.1,70.2,874.3,0.143
26968,ball,644.8,453.7,680.8,496.6,0.395
26968,ball,47.2,856.1,70.2,874.3,0.118
26969,ball,661.5,464.4,698.9,504.9,0.699
26969,ball,47.2,856.1,70.3,874.3,0.128
26970,ball,676.9,475.3,713.7,515.8,0.8
26970,ball,47.2,856.1,70.3,874.3,0.131
26971,ball,694.5,488.4,729.0,525.2,0.543
26971,ball,47.1,856.2,70.2,874.2,0.115
26972,ball,47.1,855.9,70.2,874.2,0.174
26973,ball,47.1,855.9,70.1,874.3,0.154
26974,ball,47.1,855.9,70.2,874.4,0.136
26975,ball,47.2,855.8,70.1,874.4,0.18
26976,ball,789.0,572.1,820.4,609.7,0.211
26976,ball,47.1,855.9,70.0,874.5,0.127
26977,ball,47.2,855.9,69.9,874.5,0.141
26978,ball,809.4,596.0,845.2,632.7,0.292
26978,ball,47.2,855.9,69.9,874.6,0.144
26979,ball,47.8,856.0,70.0,874.6,0.112
26980,ball,47.6,855.9,69.9,874.5,0.168
26981,ball,818.6,534.9,860.2,583.0,0.782
26981,ball,47.6,855.9,69.9,874.5,0.169
26982,ball,820.3,511.8,862.4,559.7,0.738
26982,ball,47.6,856.0,69.8,874.5,0.18
26983,ball,826.5,492.4,866.6,540.1,0.704
26983,ball,47.6,856.0,69.6,874.4,0.212
26984,ball,828.0,479.1,868.5,525.4,0.654
26984,ball,47.7,856.1,69.7,874.4,0.213
26985,ball,831.2,461.6,871.7,511.8,0.767
26985,ball,47.7,856.1,69.7,874.5,0.215
26986,ball,834.9,450.2,875.4,497.7,0.755
26986,ball,47.6,856.0,69.8,874.6,0.199
26987,ball,840.4,441.7,877.8,486.3,0.709
26987,ball,47.6,855.9,70.0,874.8,0.182
26988,ball,842.7,430.5,883.2,477.6,0.63
26988,ball,47.7,856.0,69.9,874.7,0.181
26989,ball,844.6,425.2,884.5,466.6,0.647
26989,ball,47.9,856.2,69.8,874.4,0.204
26990,ball,847.7,416.3,886.0,456.8,0.359
26990,ball,47.8,856.1,69.8,874.5,0.194
26991,ball,47.9,856.1,69.8,874.6,0.183
26992,ball,47.8,856.1,69.9,874.6,0.177
26993,ball,857.9,409.5,897.2,450.1,0.644
26993,ball,889.8,523.4,920.0,554.4,0.325
26993,ball,47.8,856.1,69.9,874.6,0.175
26994,ball,860.8,410.2,900.3,449.5,0.647
26994,ball,47.8,856.1,69.9,874.6,0.175
26995,ball,862.7,412.8,902.1,450.6,0.66
26995,ball,47.9,856.2,69.8,874.5,0.185
26996,ball,867.5,415.7,905.6,455.3,0.728
26997,ball,870.5,420.0,909.9,459.1,0.771
26998,ball,875.5,426.9,910.0,462.0,0.807
26999,ball,878.1,432.1,916.0,471.0,0.756
27000,ball,888.2,444.2,921.9,478.2,0.655
27000,ball,731.8,468.0,758.2,494.5,0.21
27001,ball,947.6,474.7,983.7,511.3,0.699
27002,ball,953.7,526.6,981.1,559.1,0.189
27004,ball,976.7,509.6,1016.6,552.4,0.759
27005,ball,958.4,511.9,994.2,552.0,0.735
27006,ball,937.7,511.8,975.4,551.3,0.51
27008,ball,891.4,520.7,930.6,559.6,0.75
27009,ball,873.6,520.9,913.7,565.9,0.786
27010,ball,853.7,531.8,892.6,575.9,0.817
27011,ball,833.3,536.3,871.9,583.5,0.807
27012,ball,816.5,547.4,852.0,589.8,0.759
27013,ball,798.3,560.3,834.5,599.6,0.729
27018,ball,714.8,622.9,745.2,660.0,0.561
27019,ball,701.9,638.0,733.0,676.3,0.361
27020,ball,687.4,656.2,720.3,691.2,0.696
27021,ball,674.2,671.7,708.5,711.6,0.663
27022,ball,666.2,691.7,696.8,724.7,0.566
27023,ball,653.5,707.2,688.3,743.2,0.663
27024,ball,648.0,726.8,676.7,757.4,0.61
27024,ball,609.6,669.4,639.8,703.1,0.123
27025,ball,636.8,745.0,666.8,774.4,0.491
27029,ball,573.0,696.3,599.5,725.3,0.508
27029,ball,606.0,668.2,636.0,702.4,0.223
27029,ball,845.9,523.1,872.0,555.2,0.108
27030,ball,555.4,682.6,590.3,718.6,0.343
27031,ball,538.6,671.0,566.2,704.7,0.722
27031,ball,846.3,524.6,872.0,555.0,0.108
27032,ball,522.8,663.4,558.6,694.7,0.661
27032,ball,846.1,524.1,872.0,555.0,0.155
27033,ball,513.0,656.3,543.5,686.2,0.512
27033,ball,846.1,524.2,871.9,554.9,0.195
27034,ball,501.3,646.1,532.4,677.6,0.242
27034,ball,846.3,524.9,872.0,555.0,0.213
27034,ball,1629.3,670.3,1655.0,691.3,0.111
27035,ball,483.6,637.0,511.9,666.2,0.491
27035,ball,849.1,527.0,870.8,553.7,0.417
27036,ball,472.1,636.5,500.8,664.1,0.464
27036,ball,847.4,527.5,870.6,553.9,0.33
27037,ball,846.5,526.1,869.1,553.9,0.414
27038,ball,1627.1,651.8,1653.6,678.6,0.515
27038,ball,844.7,527.9,868.2,554.1,0.28
27040,ball,422.2,619.1,455.2,651.9,0.775
27041,ball,410.9,620.8,443.2,650.6,0.788
27042,ball,400.4,620.7,434.3,651.1,0.814
27043,ball,392.3,623.5,421.5,653.1,0.725
27044,ball,380.5,624.0,412.4,655.9,0.705
27045,ball,375.0,632.0,404.7,659.5,0.724
27046,ball,366.2,635.6,400.0,663.9,0.768
27047,ball,357.6,636.8,389.9,669.3,0.724
27048,ball,351.7,649.1,381.2,675.9,0.679
27048,ball,605.6,670.9,634.2,702.3,0.111
27049,ball,345.8,653.7,375.1,682.5,0.696
27049,ball,605.6,671.2,633.8,701.4,0.162
27050,ball,339.8,662.1,370.7,690.9,0.732
27050,ball,605.3,671.4,633.8,701.5,0.17
27051,ball,333.2,669.4,365.8,700.0,0.758
27052,ball,330.4,680.5,358.8,706.0,0.688
27052,ball,326.1,678.6,357.1,709.1,0.15
27052,ball,605.0,671.1,634.2,702.4,0.127
27053,ball,325.2,687.1,355.9,716.8,0.722
27053,ball,1138.6,907.6,1174.3,942.3,0.125
27053,ball,605.0,671.1,634.2,702.6,0.101
27054,ball,321.2,698.1,351.3,727.4,0.69
27054,ball,1145.9,902.9,1180.2,939.7,0.323
27054,ball,820.9,527.2,843.0,551.3,0.218
27054,ball,1291.3,544.1,1318.7,567.3,0.126
27055,ball,318.4,710.2,348.0,741.4,0.275
27055,ball,820.9,527.3,842.9,551.5,0.233
27055,ball,1295.8,542.6,1320.9,565.5,0.101
27056,ball,314.0,716.2,343.5,745.3,0.6
27056,ball,1298.3,542.3,1323.5,564.9,0.254
27056,ball,820.8,527.2,842.9,551.6,0.249
27057,ball,302.4,706.5,330.5,732.1,0.659
27057,ball,820.9,527.1,842.9,551.5,0.27
27058,ball,293.7,696.0,321.0,722.0,0.6
27058,ball,821.1,527.2,842.8,551.8,0.147
27059,ball,821.2,527.3,842.9,551.8,0.132
27060,ball,821.3,527.4,842.8,551.7,0.109
27063,ball,1235.4,654.8,1263.5,683.3,0.156
27065,ball,821.2,527.2,842.6,551.5,0.112
27067,ball,821.3,527.3,842.4,551.2,0.116
27070,ball,821.0,527.3,842.5,551.5,0.182
27071,ball,821.2,527.3,842.7,551.5,0.173
27072,ball,821.4,527.2,842.7,551.4,0.12
27080,ball,1097.8,292.8,1114.4,309.6,0.111
27081,ball,1097.7,292.4,1114.2,308.8,0.194
27082,ball,152.6,675.4,173.2,695.5,0.187
27082,ball,1097.5,292.3,1114.2,308.5,0.103
27083,ball,143.0,671.6,167.5,693.1,0.306
27083,ball,1098.2,291.9,1114.3,308.3,0.118
27084,ball,1097.8,291.5,1113.5,307.6,0.22
27085,ball,1097.8,290.9,1113.6,307.3,0.218
27086,ball,1097.6,290.8,1113.4,307.0,0.152
27092,ball,1425.4,794.1,1460.0,836.8,0.215
27095,ball,95.0,668.3,119.6,685.6,0.164
27096,ball,90.7,670.0,118.6,692.5,0.3
27096,ball,1097.5,290.6,1113.2,306.9,0.118
27097,ball,91.2,673.8,111.5,693.5,0.21
27097,ball,1097.4,290.6,1113.2,307.0,0.173
27103,ball,984.3,396.4,1001.5,411.5,0.147
27104,ball,984.4,396.5,1001.8,411.9,0.29
27113,ball,49.0,857.6,70.7,874.2,0.113
27144,ball,637.0,525.9,662.9,552.5,0.256
27145,ball,635.7,526.0,661.5,554.6,0.291
27158,ball,1877.7,607.4,1908.1,628.6,0.178
27160,ball,1797.5,582.5,1831.4,614.2,0.663
27161,ball,1750.3,564.8,1789.6,604.3,0.743
27162,ball,1698.7,553.3,1739.7,596.2,0.717
27163,ball,1646.3,543.4,1686.6,587.7,0.758
27164,ball,1588.4,531.7,1628.5,576.3,0.679
27164,ball,580.8,561.0,606.1,589.8,0.242
27165,ball,1525.1,523.1,1567.1,566.4,0.757
27165,ball,1904.4,736.9,1919.3,753.0,0.219
27165,ball,582.9,563.5,607.9,592.1,0.158
27166,ball,1451.4,510.9,1497.1,562.0,0.72
27167,ball,1378.7,503.6,1426.6,551.4,0.754
27167,ball,584.5,565.5,608.6,591.8,0.115
27168,ball,1299.6,500.4,1344.1,542.1,0.507
27168,ball,584.6,565.5,608.8,592.0,0.167
27169,ball,584.5,565.6,608.9,592.3,0.378
27170,ball,1141.2,488.1,1189.3,539.1,0.743
27171,ball,1067.7,490.4,1108.3,526.6,0.289
27172,ball,981.3,490.1,1021.6,534.3,0.742
27173,ball,908.4,494.1,950.0,544.3,0.725
27175,ball,765.6,513.5,804.9,559.8,0.767
27176,ball,708.6,524.6,748.1,568.8,0.704
27177,ball,650.0,537.8,688.7,576.4,0.653
27182,ball,435.7,609.8,472.1,645.8,0.54
27183,ball,408.4,624.7,440.2,658.2,0.697
27184,ball,378.9,641.7,409.5,673.0,0.724
27185,ball,360.7,661.9,389.4,689.0,0.125
27191,ball,379.8,520.5,409.5,550.4,0.643
27192,ball,388.9,491.1,420.3,526.3,0.735
27193,ball,404.3,464.3,435.7,501.1,0.686
27194,ball,413.2,438.5,446.4,468.9,0.697
27194,ball,1717.9,856.7,1744.7,880.5,0.107
27195,ball,427.4,413.2,460.8,449.6,0.805
27196,ball,439.7,391.2,472.7,424.9,0.767
27197,ball,452.5,366.6,488.4,406.5,0.776
27198,ball,468.2,347.1,504.6,380.8,0.552
27199,ball,487.1,329.6,517.0,360.5,0.154
27200,ball,504.8,311.8,532.7,343.9,0.254
27201,ball,517.4,297.1,545.6,325.9,0.485
27203,ball,556.7,270.8,579.9,295.6,0.501
27203,ball,550.8,269.9,581.0,297.3,0.221
27204,ball,568.0,256.9,595.5,284.5,0.679
27204,ball,569.5,515.0,594.1,541.5,0.22
27205,ball,583.7,245.5,613.0,271.5,0.166
27206,ball,600.9,235.5,628.4,262.6,0.608
27207,ball,616.3,228.3,643.1,255.0,0.502
27207,ball,624.6,430.7,644.9,446.2,0.104
27208,ball,624.6,431.5,645.4,447.3,0.156
27209,ball,648.6,213.7,676.5,243.5,0.562
27210,ball,664.4,208.3,693.5,237.4,0.734
27211,ball,682.7,205.4,709.8,235.8,0.744
27212,ball,698.7,204.5,725.4,234.7,0.733
27213,ball,713.4,202.3,741.4,234.1,0.708
27214,ball,728.5,202.3,758.3,236.2,0.592
27215,ball,744.6,206.0,775.4,238.1,0.67
27216,ball,757.7,208.2,789.6,241.0,0.396
27217,ball,772.0,209.8,803.1,245.8,0.572
27218,ball,790.8,220.4,817.9,248.3,0.751
27219,ball,803.8,225.6,831.7,255.8,0.786
27220,ball,818.3,234.4,844.9,262.6,0.775
27221,ball,831.0,241.3,860.0,271.9,0.739
27222,ball,844.7,252.5,871.4,279.6,0.776
27223,ball,857.1,261.4,884.1,290.8,0.77
27224,ball,870.4,273.2,898.7,302.2,0.776
27225,ball,882.9,286.9,909.6,314.7,0.398
27226,ball,894.8,299.0,925.3,327.1,0.462
27227,ball,901.3,310.9,934.7,343.1,0.285
27228,ball,49.3,857.3,70.6,874.6,0.238
27228,ball,921.4,327.3,947.6,350.3,0.15
27229,ball,928.6,341.4,956.9,369.0,0.598
27229,ball,48.9,857.1,70.9,874.6,0.216
27229,ball,1419.4,565.6,1445.9,592.6,0.2
27230,ball,937.2,353.5,968.9,385.7,0.67
27230,ball,49.0,857.1,70.6,874.6,0.227
27231,ball,948.8,371.1,979.8,396.9,0.497
27231,ball,49.1,857.2,70.5,874.5,0.237
27232,ball,958.6,383.8,990.8,415.0,0.78
27232,ball,49.0,857.1,70.5,874.5,0.251
27233,ball,970.0,400.2,998.6,429.6,0.825
27233,ball,49.0,857.1,70.6,874.6,0.226
27234,ball,979.6,420.1,1006.4,446.5,0.668
27234,ball,49.0,857.2,70.6,874.6,0.232
27234,ball,695.8,478.2,721.5,500.7,0.149
27235,ball,49.0,857.2,70.6,874.5,0.237
27235,ball,982.8,419.5,1009.5,441.3,0.202
27236,ball,980.9,393.3,1006.1,415.8,0.613
27236,ball,49.0,857.3,70.7,874.7,0.208
27237,ball,973.7,367.7,1001.9,391.0,0.656
27237,ball,49.0,857.3,70.6,874.6,0.2
27238,ball,49.0,857.3,70.6,874.6,0.197
27239,ball,49.0,857.2,70.6,874.6,0.189
27240,ball,962.7,295.7,989.0,319.4,0.736
27240,ball,49.0,857.2,70.5,874.6,0.166
27241,ball,958.6,271.9,984.3,295.8,0.764
27241,ball,49.0,857.1,70.6,874.6,0.183
27242,ball,955.6,250.6,978.6,274.8,0.748
27242,ball,49.0,857.0,70.7,874.7,0.177
27243,ball,949.7,228.5,973.9,253.7,0.786
27243,ball,49.0,857.1,70.6,874.6,0.185
27244,ball,945.2,206.3,968.3,234.5,0.708
27244,ball,49.0,857.0,70.7,874.7,0.186
27245,ball,938.8,188.8,965.6,215.6,0.694
27245,ball,49.0,857.1,70.7,874.7,0.18
27246,ball,934.8,170.4,962.2,198.6,0.551
27246,ball,49.0,857.1,70.7,874.7,0.182
27247,ball,929.2,153.4,957.6,180.9,0.532
27247,ball,49.0,857.1,70.7,874.7,0.181
27248,ball,49.0,857.1,70.8,874.6,0.181
27249,ball,48.9,857.0,70.7,874.7,0.197
27250,ball,48.9,857.1,70.7,874.6,0.201
27251,ball,48.9,857.0,70.7,874.7,0.197
27252,ball,48.9,856.9,70.9,874.7,0.198
27253,ball,896.1,77.2,926.3,103.6,0.291
27253,ball,48.9,857.0,70.8,874.7,0.185
27254,ball,48.9,857.0,70.8,874.7,0.187
27255,ball,48.9,857.0,70.8,874.7,0.187
27256,ball,48.9,857.1,70.8,874.7,0.183
27257,ball,882.5,48.0,902.7,73.4,0.354
27258,ball,876.2,43.9,899.1,67.5,0.469
27259,ball,870.1,37.7,894.7,63.5,0.168
27260,ball,863.2,32.6,888.7,59.7,0.598
27261,ball,858.4,33.9,885.0,60.1,0.533
27262,ball,852.5,32.1,880.0,61.0,0.557
27263,ball,847.8,31.8,874.5,60.6,0.577
27264,ball,842.1,34.2,869.3,62.4,0.561
27266,ball,833.2,40.2,858.7,68.1,0.538
27267,ball,829.6,47.1,852.0,73.0,0.668
27268,ball,826.2,51.0,847.3,79.3,0.55
27269,ball,819.6,58.3,843.3,85.4,0.599
27270,ball,813.6,68.7,837.6,96.1,0.747
27271,ball,807.8,77.6,832.9,102.0,0.671
27272,ball,801.8,83.9,827.6,108.6,0.302
27280,ball,766.5,200.6,794.2,229.1,0.695
27281,ball,764.3,220.7,789.5,248.6,0.683
27282,ball,760.2,238.7,789.7,268.2,0.664
27283,ball,759.0,264.1,781.6,288.5,0.548
27286,ball,1507.2,298.3,1523.9,314.9,0.16
27287,ball,1507.2,298.3,1523.8,314.9,0.168
27287,ball,1047.8,441.0,1068.8,463.1,0.148
27287,ball,749.9,351.4,771.5,373.2,0.147
27288,ball,754.1,362.2,783.4,390.6,0.474
27288,ball,1507.2,298.3,1523.9,314.9,0.163
27289,ball,779.6,357.9,808.2,383.6,0.616
27289,ball,1507.2,298.3,1523.8,314.9,0.17
27289,ball,779.7,357.4,815.4,387.0,0.168
27289,ball,743.4,400.3,762.6,415.8,0.135
27290,ball,804.1,352.2,836.7,384.4,0.584
27290,ball,1507.2,298.3,1523.8,314.9,0.175
27291,ball,833.3,351.2,861.8,375.9,0.52
27291,ball,1507.2,298.2,1523.9,314.9,0.167
27292,ball,859.2,351.8,885.9,375.9,0.606
27292,ball,1507.2,298.2,1523.9,314.9,0.16
27293,ball,1507.2,298.2,1523.9,314.9,0.158
27294,ball,923.8,354.7,948.5,382.0,0.674
27294,ball,778.2,402.8,798.1,418.1,0.2
27294,ball,1507.2,298.2,1523.9,314.9,0.154
27295,ball,951.9,359.8,981.8,384.1,0.561
27295,ball,1507.2,298.3,1523.8,314.9,0.171
27296,ball,1507.3,298.3,1523.8,314.8,0.171
27297,ball,1507.2,298.3,1523.8,314.8,0.164
27298,ball,1060.3,375.2,1092.6,406.7,0.611
27298,ball,1507.3,298.3,1523.7,314.8,0.171
27299,ball,1083.0,383.0,1123.2,416.0,0.816
27299,ball,1507.3,298.3,1523.8,314.8,0.167
27300,ball,1118.5,394.1,1157.9,428.4,0.853
27300,ball,1507.3,298.3,1523.8,314.8,0.167
27301,ball,1153.6,407.9,1188.4,438.1,0.812
27301,ball,1507.3,298.3,1523.8,314.8,0.166
27302,ball,1185.6,421.1,1225.6,458.5,0.755
27302,ball,1507.3,298.3,1523.7,314.8,0.174
27303,ball,1221.9,438.9,1258.8,469.3,0.749
27303,ball,1507.3,298.3,1523.8,314.8,0.167
27304,ball,1254.9,454.5,1285.9,485.6,0.762
27304,ball,1507.3,298.3,1523.8,314.8,0.159
27305,ball,1288.1,475.6,1318.4,506.2,0.766
27305,ball,1507.3,298.3,1523.8,314.8,0.161
27306,ball,1318.7,491.1,1351.5,526.7,0.707
27306,ball,1507.3,298.3,1523.8,314.8,0.168
27307,ball,1350.5,514.9,1381.9,544.2,0.555
27307,ball,1507.3,298.3,1523.7,314.8,0.178
27308,ball,1376.6,537.6,1412.2,570.6,0.749
27308,ball,1507.3,298.4,1523.7,314.7,0.187
27309,ball,1404.5,557.2,1435.5,594.1,0.674
27309,ball,1507.4,298.4,1523.6,314.7,0.197
27310,ball,1507.3,298.4,1523.7,314.7,0.199
27311,ball,1507.3,298.4,1523.6,314.7,0.208
27311,ball,1457.8,602.8,1492.7,641.4,0.155
27312,ball,1479.4,630.0,1507.8,663.5,0.662
27312,ball,1507.3,298.4,1523.7,314.7,0.207
27313,ball,1500.8,651.6,1531.7,689.4,0.539
27313,ball,1507.3,298.3,1523.7,314.8,0.195
27314,ball,1507.3,298.3,1523.7,314.8,0.185
27314,ball,1521.4,679.9,1555.3,720.4,0.174
27315,ball,1532.1,659.6,1562.2,698.4,0.645
27316,ball,1535.5,621.7,1570.1,658.1,0.757
27317,ball,1536.6,585.1,1570.5,625.5,0.502
27318,ball,1539.2,551.8,1572.8,587.5,0.767
27319,ball,1548.1,517.0,1578.3,552.1,0.705
27320,ball,1545.9,480.5,1575.5,513.9,0.635
27321,ball,1545.8,442.6,1582.1,487.2,0.576
27322,ball,1545.3,412.7,1583.9,452.9,0.729
27325,ball,1545.2,322.2,1578.9,357.6,0.708
27326,ball,1544.7,294.6,1576.1,328.6,0.747
27326,ball,919.7,516.0,944.7,549.7,0.115
27327,ball,1542.7,265.2,1574.5,304.9,0.683
27328,ball,1538.8,242.4,1571.8,276.2,0.289
27329,ball,1536.5,217.3,1568.1,249.7,0.73
27330,ball,1533.2,193.5,1562.1,224.9,0.683
27331,ball,1529.0,174.5,1554.9,202.0,0.681
27332,ball,1525.7,152.7,1553.2,182.1,0.809
27333,ball,1521.6,130.3,1550.3,163.7,0.724
27334,ball,1514.6,113.6,1544.0,147.4,0.708
27342,ball,1471.7,23.9,1501.9,59.7,0.164
27343,ball,1466.3,21.6,1497.2,56.2,0.159
27344,ball,1461.1,18.5,1491.7,52.5,0.108
27347,ball,1440.6,14.3,1472.0,50.1,0.34
27348,ball,1438.0,17.2,1466.6,51.2,0.604
27349,ball,1430.2,19.3,1460.7,52.7,0.119
27350,ball,1425.4,21.8,1457.5,59.0,0.44
27352,ball,1410.2,25.8,1444.6,71.5,0.411
27356,ball,1386.1,77.8,1414.9,107.4,0.148
27357,ball,1379.0,91.2,1408.1,121.7,0.485
27359,ball,1367.5,118.0,1395.5,151.4,0.72
27360,ball,1358.7,139.0,1388.6,169.7,0.385
27361,ball,1353.5,153.2,1382.6,186.2,0.479
27362,ball,1343.5,167.9,1375.6,205.7,0.616
27363,ball,1336.1,189.0,1367.8,228.9,0.564
27364,ball,1329.7,209.0,1359.8,243.7,0.724
27365,ball,1322.8,232.7,1350.8,266.7,0.67
27365,ball,1321.2,229.0,1353.2,272.4,0.194
27366,ball,1312.9,251.5,1347.7,291.3,0.691
27367,ball,1307.4,276.2,1339.6,310.9,0.653
27371,ball,1273.3,374.2,1305.3,409.5,0.708
27372,ball,1264.2,403.0,1298.3,433.2,0.788
27373,ball,1257.4,428.1,1289.8,460.8,0.829
27374,ball,1253.3,456.7,1280.7,483.2,0.519
27375,ball,1245.6,456.6,1273.3,483.5,0.711
27376,ball,1248.5,433.4,1280.3,465.8,0.786
27377,ball,1249.2,407.8,1282.2,440.0,0.72
27377,ball,1278.8,452.2,1302.0,472.4,0.269
27377,ball,1232.7,443.7,1255.6,466.6,0.172
27378,ball,1248.7,384.3,1284.5,417.8,0.746
27378,ball,1236.1,450.2,1258.3,468.7,0.144
27382,ball,1256.8,312.7,1285.8,340.2,0.75
27383,ball,1255.9,297.4,1285.6,326.3,0.828
27383,ball,1285.2,547.8,1318.5,588.6,0.437
27383,ball,1254.8,293.0,1288.1,333.0,0.112
27384,ball,1257.1,281.8,1285.9,312.9,0.799
27385,ball,1256.5,270.2,1284.9,300.1,0.762
27385,ball,47.5,857.9,69.4,874.5,0.104
27386,ball,1256.7,259.2,1286.8,289.1,0.781
27387,ball,1256.4,249.8,1284.3,278.4,0.808
27387,ball,1512.1,876.0,1545.8,920.8,0.124
27388,ball,1257.3,240.3,1284.5,269.0,0.79
27388,ball,1506.4,874.1,1539.3,913.0,0.571
27389,ball,1257.1,234.2,1283.5,260.8,0.788
27389,ball,1497.1,871.6,1527.0,899.3,0.383
27390,ball,1256.8,225.9,1283.0,255.9,0.761
27390,ball,1449.2,538.6,1470.9,564.5,0.138
27391,ball,1256.1,221.9,1281.3,250.7,0.753
27392,ball,1256.3,215.8,1282.0,247.2,0.706
27393,ball,1255.9,214.9,1281.3,244.6,0.733
27394,ball,1255.3,215.2,1279.9,242.5,0.734
27394,ball,968.8,634.8,995.0,663.1,0.236
27395,ball,1254.0,215.1,1279.3,241.5,0.738
27395,ball,969.5,634.5,995.9,661.1,0.386
27396,ball,1252.5,215.6,1277.9,242.1,0.771
27396,ball,969.1,624.0,996.3,658.4,0.137
27397,ball,1251.5,216.6,1276.6,243.1,0.77
27398,ball,1250.4,217.0,1275.7,247.1,0.735
27399,ball,1249.1,221.5,1273.6,248.4,0.733
27400,ball,1248.5,225.2,1272.3,253.9,0.763
27401,ball,1246.8,233.0,1271.0,258.9,0.77
27402,ball,1244.6,237.8,1269.5,264.8,0.801
27402,ball,1301.9,541.6,1329.7,569.3,0.224
27403,ball,1244.4,245.9,1267.7,271.5,0.77
27404,ball,1242.0,253.7,1267.8,280.4,0.797
27404,ball,1305.8,397.4,1336.8,438.5,0.359
27405,ball,1241.0,262.6,1266.8,286.1,0.744
27406,ball,1239.1,270.2,1264.1,295.9,0.759
27407,ball,1238.2,279.4,1263.0,306.6,0.748
27408,ball,1237.3,292.8,1260.6,315.7,0.785
27409,ball,1232.8,301.1,1260.3,328.5,0.803
27409,ball,1185.8,590.3,1209.3,615.1,0.423
27409,ball,993.8,403.4,1019.6,423.7,0.163
27409,ball,1224.4,432.2,1250.9,456.1,0.119
27410,ball,1232.0,313.7,1258.6,339.3,0.712
27410,ball,1182.2,589.5,1204.8,612.2,0.507
27411,ball,1178.8,588.3,1202.3,611.1,0.539
27411,ball,1231.7,328.5,1259.5,351.1,0.107
27412,ball,1179.7,590.1,1201.7,614.3,0.164
27414,ball,1085.7,358.3,1118.3,391.6,0.546
27414,ball,1220.8,383.6,1242.2,401.6,0.104
27417,ball,871.5,409.2,913.3,444.0,0.484
27418,ball,794.1,433.3,826.2,468.7,0.477
27420,ball,647.7,489.7,679.8,526.9,0.687
27420,ball,1153.7,405.5,1175.4,425.0,0.599
27420,ball,1242.2,445.9,1270.9,475.3,0.4
27421,ball,1158.4,397.8,1179.1,417.8,0.674
27421,ball,1185.2,451.2,1208.5,475.7,0.124
27421,ball,1186.1,455.4,1206.0,477.4,0.1
27423,ball,438.3,586.5,468.8,613.3,0.222
27423,ball,1195.9,451.4,1223.7,475.2,0.19
27424,ball,1134.7,414.8,1155.0,441.4,0.168
27425,ball,1121.7,431.2,1139.1,448.6,0.627
27426,ball,1103.9,441.8,1127.8,460.0,0.221
27428,ball,985.9,394.2,1009.5,411.1,0.167
27431,ball,48.6,857.4,69.9,874.3,0.227
27431,ball,1095.2,562.8,1120.2,589.0,0.177
27432,ball,48.6,857.3,70.0,874.2,0.24
27433,ball,48.6,857.3,70.0,874.3,0.236
27434,ball,48.6,857.3,70.0,874.3,0.234
27435,ball,1088.6,483.9,1106.6,501.1,0.498
27435,ball,48.6,857.3,70.0,874.2,0.219
27436,ball,1083.9,486.8,1101.6,504.2,0.211
27436,ball,48.5,857.4,69.9,874.2,0.2
27437,ball,48.5,857.4,69.9,874.2,0.201
27438,ball,1074.9,490.7,1092.6,509.7,0.208
27438,ball,48.5,857.4,69.9,874.2,0.201
27439,ball,48.6,857.4,69.9,874.1,0.182
27440,ball,48.5,857.5,69.8,874.1,0.168
27441,ball,48.5,857.5,69.8,874.1,0.169
27442,ball,48.5,857.5,69.8,874.1,0.169
27443,ball,48.5,857.6,69.7,874.2,0.154
27444,ball,48.5,857.6,69.7,874.1,0.184
27445,ball,48.5,857.6,69.7,874.1,0.185
27445,ball,973.0,395.8,996.3,412.4,0.128
27446,ball,972.9,395.6,999.6,414.1,0.229
27446,ball,48.5,857.6,69.7,874.1,0.185
27447,ball,48.6,857.5,69.8,874.1,0.202
27448,ball,48.6,857.5,69.8,874.2,0.199
27449,ball,48.6,857.5,69.8,874.2,0.199
27450,ball,48.6,857.5,69.8,874.2,0.198
27451,ball,48.6,857.5,69.8,874.2,0.196
27452,ball,48.6,857.5,69.8,874.2,0.183
27453,ball,48.6,857.5,69.8,874.2,0.183
27454,ball,48.6,857.5,69.8,874.2,0.184
27455,ball,48.6,857.4,69.9,874.3,0.164
27456,ball,48.6,857.4,70.0,874.3,0.162
27457,ball,48.6,857.4,70.0,874.3,0.162
27458,ball,48.6,857.4,70.0,874.3,0.163
27459,ball,1136.1,840.9,1171.5,880.4,0.41
27459,ball,48.6,857.4,70.0,874.3,0.16
27459,ball,1141.7,495.8,1168.7,524.1,0.152
27466,ball,1097.1,293.3,1113.3,309.6,0.139
27467,ball,1097.4,293.3,1113.5,309.3,0.163
27468,ball,1097.3,293.2,1113.5,309.2,0.194
27469,ball,1097.6,293.3,1113.9,309.2,0.18
27470,ball,1097.6,293.3,1113.9,309.2,0.169
27471,ball,1097.6,293.3,1113.9,309.2,0.166
27472,ball,1097.9,293.2,1113.9,308.9,0.152
27473,ball,1097.9,293.3,1113.7,309.0,0.126
27474,ball,1097.9,293.3,1113.5,309.0,0.128
27474,ball,1302.9,493.0,1328.3,521.3,0.124
27475,ball,1097.9,293.3,1113.5,309.0,0.138
27476,ball,1098.0,293.3,1113.1,309.1,0.105
27478,ball,1294.8,490.0,1320.4,516.5,0.268
27479,ball,864.7,387.4,888.9,406.9,0.153
27479,ball,1373.6,582.7,1409.0,627.3,0.101
27481,ball,861.8,388.2,883.9,407.9,0.142
27482,ball,859.7,387.5,883.4,407.9,0.211
27484,ball,853.9,388.3,877.5,407.1,0.127
27488,ball,1148.8,444.9,1168.9,464.1,0.22
27489,ball,838.1,388.3,860.3,407.3,0.211
27490,ball,836.5,387.8,857.1,404.7,0.108
27518,ball,48.0,856.3,70.7,874.4,0.174
27519,ball,48.0,856.4,70.7,874.3,0.133
27520,ball,48.0,856.4,70.7,874.3,0.156
27521,ball,48.1,856.4,70.7,874.3,0.159
27522,ball,48.0,856.5,70.7,874.3,0.16
27523,ball,47.9,856.5,70.6,874.3,0.166
27524,ball,48.0,856.5,70.6,874.3,0.165
27525,ball,47.9,856.5,70.6,874.3,0.166
27526,ball,47.9,856.5,70.6,874.3,0.162
27527,ball,48.0,856.5,70.7,874.4,0.149
27528,ball,47.9,856.5,70.7,874.4,0.149
27529,ball,47.9,856.5,70.7,874.4,0.15
27530,ball,774.6,430.2,799.7,449.3,0.354
27530,ball,48.1,856.6,70.8,874.4,0.135
27531,ball,48.0,856.5,70.7,874.4,0.12
27532,ball,48.0,856.5,70.7,874.4,0.122
27533,ball,48.0,856.5,70.7,874.4,0.119
27534,ball,790.4,428.5,817.2,449.8,0.178
27534,ball,48.0,856.5,70.5,874.3,0.115
27535,ball,48.0,856.4,70.6,874.4,0.111
27536,ball,48.0,856.4,70.6,874.4,0.11
27537,ball,48.0,856.4,70.6,874.4,0.112
27538,ball,807.0,421.0,834.5,444.4,0.207
27538,ball,48.0,856.4,70.6,874.4,0.111
27539,ball,48.0,856.4,70.6,874.4,0.108
27540,ball,48.0,856.4,70.6,874.4,0.109
27541,ball,48.0,856.5,70.6,874.4,0.111
27542,ball,48.0,856.5,70.6,874.4,0.117
27543,ball,48.0,856.1,70.8,874.3,0.145
27544,ball,48.0,856.1,70.8,874.4,0.143
27545,ball,868.9,542.0,899.7,575.2,0.242
27545,ball,48.0,856.1,70.8,874.3,0.152
27546,ball,48.2,856.2,70.9,874.3,0.155
27547,ball,883.9,539.1,910.8,569.3,0.136
27548,ball,48.6,856.6,71.0,874.7,0.132
27549,ball,893.8,537.7,921.5,568.0,0.151
27549,ball,48.7,856.6,70.9,874.7,0.12
27550,ball,896.0,538.8,922.8,568.5,0.265
27550,ball,48.7,856.6,71.0,874.7,0.119
27551,ball,896.8,537.8,923.6,567.3,0.241
27551,ball,48.6,856.6,71.0,874.6,0.117
27552,ball,899.1,537.8,925.2,565.0,0.131
27556,ball,572.8,447.8,594.5,466.5,0.111
27556,ball,48.4,856.7,70.9,875.0,0.104
27557,ball,887.0,415.8,911.3,436.3,0.262
27557,ball,574.2,446.1,595.0,464.2,0.194
27557,ball,48.4,856.8,70.8,874.9,0.106
27558,ball,887.8,415.4,911.6,435.3,0.415
27558,ball,48.4,856.8,70.8,874.9,0.108
27559,ball,887.6,415.3,912.3,435.2,0.21
27559,ball,48.5,856.6,71.1,875.0,0.146
27560,ball,887.7,414.9,912.5,434.5,0.193
27560,ball,48.4,856.5,71.1,875.0,0.142
27561,ball,887.3,414.7,912.7,434.0,0.171
27561,ball,48.4,856.6,71.0,875.0,0.144
27562,ball,48.4,856.6,71.0,875.0,0.144
27563,ball,48.4,856.6,71.0,874.9,0.126
27564,ball,885.9,413.7,909.1,432.5,0.335
27564,ball,48.4,856.6,70.9,875.0,0.133
27565,ball,48.4,856.6,70.9,875.0,0.135
27566,ball,48.4,856.6,70.9,874.9,0.137
27567,ball,48.5,856.7,70.9,875.0,0.143
27568,ball,48.4,856.7,70.9,875.0,0.131
27569,ball,48.4,856.7,70.9,875.0,0.13
27570,ball,48.4,856.6,70.9,875.0,0.129
27571,ball,48.4,856.7,70.9,875.0,0.115
27572,ball,48.6,856.8,70.7,874.8,0.105
27573,ball,48.6,856.8,70.7,874.8,0.105
27574,ball,48.6,856.8,70.7,874.8,0.106
27575,ball,48.8,856.8,70.7,874.6,0.117
27604,ball,47.4,857.2,70.0,874.3,0.108
27605,ball,47.6,857.2,70.2,874.5,0.267
27605,ball,1718.0,186.7,1729.3,200.6,0.122
27606,ball,47.5,857.0,70.2,874.4,0.304
27607,ball,47.5,857.0,70.2,874.4,0.302
27608,ball,47.5,857.0,70.2,874.4,0.302
27609,ball,47.6,856.9,70.3,874.4,0.315
27610,ball,47.6,856.9,70.3,874.5,0.302
27611,ball,47.6,856.9,70.3,874.5,0.3
27612,ball,47.6,856.9,70.3,874.5,0.301
27613,ball,47.5,856.9,70.3,874.6,0.281
27614,ball,47.5,856.9,70.0,874.5,0.252
27615,ball,47.5,856.9,70.0,874.5,0.25
27616,ball,47.5,856.9,70.0,874.5,0.251
27617,ball,47.5,856.9,70.0,874.5,0.219
27618,ball,47.6,856.9,70.0,874.5,0.217
27619,ball,47.6,856.9,70.0,874.5,0.214
27620,ball,47.6,856.9,70.0,874.5,0.214
27621,ball,47.6,856.9,70.1,874.6,0.206
27622,ball,47.5,857.0,70.0,874.5,0.168
27622,ball,1094.4,524.9,1111.6,543.0,0.118
27623,ball,47.5,857.0,70.0,874.5,0.166
27624,ball,47.5,857.0,70.0,874.5,0.167
27625,ball,47.4,856.5,70.2,875.6,0.14
27626,ball,47.4,856.5,70.0,875.5,0.157
27627,ball,47.5,856.5,70.0,875.5,0.16
27628,ball,47.4,856.5,70.0,875.5,0.159
27629,ball,47.5,857.0,69.8,874.5,0.176
27630,ball,47.5,856.5,70.0,875.5,0.182
27631,ball,47.5,856.6,69.9,875.4,0.185
27632,ball,47.5,856.6,69.9,875.4,0.189
27633,ball,47.5,856.6,70.0,875.4,0.172
27650,ball,48.5,857.6,70.2,874.5,0.155
27651,ball,48.5,857.6,70.2,874.5,0.152
27652,ball,48.5,857.6,70.2,874.5,0.153
27653,ball,48.5,857.6,70.2,874.5,0.149
27654,ball,48.5,857.6,70.2,874.5,0.148
27655,ball,48.5,857.8,70.8,874.9,0.108
27656,ball,48.4,857.8,70.9,874.9,0.107
27657,ball,48.4,857.8,70.9,874.9,0.108
27692,ball,995.8,384.5,1018.1,403.5,0.147
27726,ball,883.2,411.8,898.7,426.8,0.134
27733,ball,1867.8,581.0,1889.4,601.4,0.135
27735,ball,1788.5,541.7,1823.2,568.9,0.545
27736,ball,1742.6,524.3,1781.4,557.2,0.777
27737,ball,1693.8,503.3,1732.2,543.9,0.772
27738,ball,1644.1,484.4,1680.6,530.7,0.643
27739,ball,1582.4,469.0,1623.2,506.5,0.746
27739,ball,1584.7,463.3,1622.8,514.8,0.132
27740,ball,1521.0,455.2,1562.5,491.5,0.491
27741,ball,1454.9,441.2,1502.1,487.4,0.622
27742,ball,1386.7,429.9,1433.5,478.9,0.262
27744,ball,1244.3,417.8,1284.8,447.9,0.551
27746,ball,1113.7,405.8,1158.3,450.6,0.16
27746,ball,1108.7,407.2,1152.8,443.3,0.104
27749,ball,914.7,410.6,958.9,448.7,0.641
27749,ball,272.0,664.3,294.6,685.2,0.14
27750,ball,858.6,414.9,898.8,449.1,0.639
27751,ball,807.9,419.4,847.3,452.9,0.738
27751,ball,578.3,564.1,606.5,593.0,0.155
27751,ball,1895.1,739.0,1912.8,752.8,0.103
27752,ball,757.8,428.1,793.5,464.2,0.7
27753,ball,709.5,433.1,743.2,467.3,0.667
27754,ball,667.7,444.2,701.5,478.3,0.613
27755,ball,633.1,454.3,661.0,484.1,0.724
27758,ball,525.0,484.1,552.0,511.2,0.612
27759,ball,501.9,494.8,532.2,527.0,0.699
27764,ball,476.0,459.1,501.5,485.2,0.706
27765,ball,481.6,442.0,512.5,468.8,0.741
27766,ball,484.8,424.5,514.0,452.1,0.792
27767,ball,489.9,408.0,520.7,437.2,0.711
27768,ball,497.8,392.5,530.9,423.1,0.501
27769,ball,504.0,376.2,536.7,411.0,0.586
27770,ball,506.8,362.0,542.8,396.7,0.293
27771,ball,521.4,350.3,549.3,381.1,0.733
27772,ball,530.0,340.8,559.8,370.8,0.515
27774,ball,546.8,321.0,577.6,350.0,0.549
27775,ball,552.4,312.1,584.8,339.4,0.461
27776,ball,561.3,303.0,595.0,331.8,0.789
27776,ball,48.3,856.7,69.9,874.3,0.126
27777,ball,572.3,299.1,605.1,328.2,0.791
27777,ball,48.4,856.7,69.9,874.3,0.151
27778,ball,582.0,294.2,614.7,326.1,0.724
27778,ball,48.4,856.8,70.0,874.4,0.133
27779,ball,592.2,289.1,627.3,324.3,0.805
27780,ball,603.1,287.4,638.0,320.2,0.804
27781,ball,614.2,286.6,644.9,319.2,0.135
27782,ball,626.1,286.2,659.5,320.3,0.808
27783,ball,639.0,288.2,673.3,322.0,0.796
27784,ball,652.0,290.2,686.8,324.6,0.737
27785,ball,661.9,298.2,699.5,327.2,0.202
27787,ball,687.1,310.1,720.2,338.0,0.114
27791,ball,740.9,355.8,780.2,394.2,0.711
27792,ball,756.8,370.9,793.5,405.8,0.674
27793,ball,769.7,385.2,807.2,428.2,0.737
27794,ball,782.7,403.2,819.4,437.8,0.79
27794,ball,781.3,399.6,823.2,445.1,0.425
27795,ball,794.4,421.4,835.8,460.2,0.788
27796,ball,813.2,443.6,847.2,482.6,0.702
27797,ball,1453.1,861.8,1485.8,897.2,0.45
27797,ball,827.8,458.8,861.5,501.5,0.363
27798,ball,842.3,484.4,876.0,526.3,0.753
27799,ball,855.0,510.7,889.5,547.3,0.66
27801,ball,861.8,504.6,896.5,545.6,0.653
27802,ball,857.5,480.7,893.2,519.8,0.766
27803,ball,850.2,455.1,887.5,493.6,0.851
27804,ball,841.4,429.3,880.5,474.0,0.779
27805,ball,834.1,408.4,873.0,449.7,0.77
27806,ball,827.9,384.9,868.4,432.9,0.791
27807,ball,823.1,366.0,866.9,417.5,0.772
27808,ball,815.6,348.9,854.7,391.8,0.738
27809,ball,810.2,333.9,849.9,370.8,0.505
27810,ball,805.8,326.0,838.5,358.7,0.659
27810,ball,656.0,471.7,676.9,497.8,0.12
27811,ball,803.1,311.1,834.1,344.3,0.639
27812,ball,792.7,299.0,831.2,333.1,0.786
27813,ball,788.0,289.0,823.6,325.3,0.749
27814,ball,784.5,283.0,817.8,315.9,0.81
27815,ball,778.6,275.3,814.1,311.4,0.746
27815,ball,575.7,529.5,600.5,552.4,0.111
27816,ball,773.9,271.9,806.5,304.9,0.781
27817,ball,766.9,265.1,802.5,303.5,0.796
27817,ball,48.4,857.2,69.9,874.1,0.118
27818,ball,761.4,264.0,798.4,301.1,0.778
27818,ball,48.3,857.2,69.9,874.1,0.117
27819,ball,756.9,263.5,792.0,300.3,0.727
27819,ball,48.4,857.2,69.9,874.1,0.12
27820,ball,753.9,265.8,788.7,299.8,0.503
27820,ball,48.3,856.9,70.1,874.2,0.172
27821,ball,749.6,268.9,782.5,302.0,0.766
27821,ball,48.2,856.6,70.1,874.2,0.188
27822,ball,745.0,273.7,777.8,305.8,0.692
27822,ball,48.2,856.6,70.1,874.2,0.188
27823,ball,743.0,280.0,772.8,308.8,0.719
27823,ball,48.2,856.6,70.1,874.2,0.189
27824,ball,736.7,285.5,767.4,316.5,0.718
27824,ball,48.2,856.5,70.1,874.2,0.202
27824,ball,1045.6,530.5,1078.4,561.2,0.11
27825,ball,736.2,292.7,768.9,321.3,0.528
27825,ball,48.1,856.5,70.0,874.2,0.192
27825,ball,778.6,397.1,798.0,411.9,0.152
27826,ball,48.2,856.5,70.0,874.2,0.193
27826,ball,734.2,300.3,765.3,327.2,0.153
27827,ball,640.2,482.4,663.0,505.2,0.215
27827,ball,48.2,856.5,70.0,874.2,0.194
27828,ball,48.3,856.6,70.0,874.2,0.185
27829,ball,48.0,856.4,69.8,874.1,0.195
27829,ball,654.2,469.5,677.0,490.0,0.102
27830,ball,659.6,461.9,685.9,487.1,0.506
27830,ball,48.1,856.4,69.8,874.1,0.195
27831,ball,669.5,456.6,694.4,482.9,0.211
27831,ball,48.1,856.4,69.8,874.1,0.196
27832,ball,710.5,364.2,742.6,399.6,0.694
27832,ball,48.0,856.3,69.8,874.1,0.205
27833,ball,711.6,381.6,741.6,409.7,0.704
27833,ball,1052.5,434.3,1076.9,458.5,0.329
27833,ball,48.1,856.4,69.9,874.1,0.195
27833,ball,708.6,376.6,743.8,417.6,0.135
27834,ball,767.5,381.4,806.4,419.8,0.392
27834,ball,48.1,856.4,69.9,874.1,0.195
27835,ball,854.3,380.5,905.4,430.8,0.551
27835,ball,48.1,856.4,69.9,874.1,0.196
27835,ball,726.6,423.9,755.3,445.5,0.108
27836,ball,950.5,384.0,997.6,426.1,0.351
27836,ball,48.1,856.5,69.9,874.1,0.191
27838,ball,1146.0,396.8,1187.8,433.9,0.776
27838,ball,1007.4,434.0,1028.0,454.4,0.316
27839,ball,1237.4,409.4,1280.5,443.7,0.73
27839,ball,1241.7,406.7,1283.9,448.7,0.204
27841,ball,1402.2,433.7,1444.7,476.1,0.75
27841,ball,835.2,405.1,855.9,422.0,0.488
27842,ball,1476.3,457.5,1511.5,486.4,0.516
27842,ball,835.6,409.0,856.4,426.3,0.391
27843,ball,1536.2,468.9,1571.9,501.0,0.756
27844,ball,1595.1,484.3,1622.7,517.9,0.589
27846,ball,1692.0,524.6,1717.1,550.9,0.679
27846,ball,1048.2,471.9,1073.4,506.1,0.176
27846,ball,1044.5,458.2,1075.1,505.1,0.162
27847,ball,1724.8,536.9,1758.3,568.3,0.717
27848,ball,1754.6,553.3,1789.1,583.7,0.649
27849,ball,1787.9,574.1,1813.8,596.6,0.679
27850,ball,1815.0,589.3,1840.2,612.6,0.114
27851,ball,1836.0,605.1,1861.8,626.6,0.478
27854,ball,0.0,997.1,76.4,1080.0,0.103
27855,ball,0.0,997.1,76.4,1080.0,0.103
27856,ball,0.0,997.1,76.4,1080.0,0.103
27858,ball,0.0,998.1,76.2,1080.0,0.11
27859,ball,0.0,998.1,76.2,1080.0,0.11
27860,ball,0.0,998.1,76.3,1080.0,0.111
27864,ball,0.0,998.5,76.2,1080.0,0.108
27874,ball,1896.4,439.6,1919.1,464.8,0.597
27875,ball,1887.9,430.0,1915.2,454.4,0.615
27876,ball,1880.5,419.3,1908.1,446.9,0.608
27877,ball,1871.7,410.6,1899.9,439.4,0.651
27878,ball,1862.9,405.0,1890.4,431.9,0.703
27879,ball,1855.1,397.1,1880.9,424.5,0.725
27880,ball,1844.8,393.5,1871.4,420.3,0.747
27880,ball,901.9,432.4,927.9,452.0,0.134
27881,ball,1835.4,385.0,1862.4,415.5,0.697
27882,ball,1824.6,382.0,1852.1,410.3,0.723
27883,ball,1814.0,379.1,1841.6,406.9,0.677
27884,ball,1803.8,376.1,1829.7,404.1,0.543
27887,ball,48.7,857.8,69.2,874.2,0.119
27888,ball,1223.4,602.6,1248.8,627.8,0.252
27888,ball,48.7,857.8,69.2,874.2,0.12
27889,ball,1741.5,372.6,1768.0,403.5,0.664
27889,ball,48.6,857.8,69.2,874.2,0.119
27890,ball,1724.5,375.4,1755.4,405.0,0.479
27890,ball,48.7,857.9,69.4,874.2,0.126
27891,ball,48.6,857.9,69.4,874.2,0.136
27892,ball,48.6,857.9,69.4,874.2,0.136
27893,ball,48.6,857.9,69.4,874.2,0.136
27894,ball,48.6,857.8,69.4,874.2,0.136
27895,ball,48.4,856.5,71.7,874.5,0.297
27896,ball,48.3,856.5,71.6,874.4,0.318
27897,ball,1620.8,410.2,1646.6,439.2,0.677
27897,ball,48.3,856.5,71.6,874.4,0.317
27897,ball,1620.3,408.2,1653.1,442.8,0.117
27898,ball,1604.1,422.8,1633.6,454.1,0.754
27898,ball,48.3,856.5,71.6,874.4,0.317
27899,ball,1587.7,430.8,1619.7,459.5,0.76
27899,ball,1097.7,292.9,1114.3,309.0,0.511
27899,ball,48.4,856.4,71.6,874.4,0.303
27900,ball,1567.4,442.9,1600.2,470.6,0.679
27900,ball,48.3,856.4,71.6,874.4,0.343
27900,ball,1097.2,291.2,1114.8,308.0,0.341
27900,ball,1568.4,439.5,1601.4,478.2,0.159
27901,ball,1550.1,453.5,1580.7,488.2,0.698
27901,ball,48.3,856.4,71.6,874.4,0.343
27901,ball,1095.4,289.8,1113.5,306.9,0.204
27902,ball,1531.7,467.2,1559.3,493.7,0.754
27902,ball,48.3,856.4,71.6,874.4,0.343
27902,ball,1095.6,289.1,1113.3,305.7,0.101
27903,ball,1514.6,479.4,1539.6,504.9,0.732
27903,ball,48.4,856.4,71.6,874.4,0.351
27903,ball,1095.5,288.5,1113.3,304.5,0.24
27904,ball,1499.3,495.0,1523.4,520.9,0.639
27904,ball,1093.8,287.7,1113.4,304.4,0.537
27904,ball,48.0,856.3,71.4,874.5,0.326
27905,ball,1094.8,287.3,1113.9,304.1,0.501
27905,ball,48.0,856.3,71.4,874.5,0.326
27906,ball,1095.2,287.2,1113.8,303.6,0.405
27906,ball,48.0,856.3,71.4,874.5,0.326
27907,ball,1436.4,540.0,1461.2,566.4,0.719
27907,ball,1095.0,286.9,1113.4,303.0,0.473
27907,ball,47.8,856.2,71.1,874.5,0.323
27908,ball,1415.2,556.6,1444.3,584.0,0.693
27908,ball,1094.9,286.7,1113.2,302.6,0.477
27908,ball,47.8,856.4,71.0,874.5,0.308
27909,ball,1395.8,573.7,1421.9,597.9,0.602
27909,ball,1094.8,286.7,1113.2,302.7,0.461
27909,ball,47.8,856.4,71.0,874.4,0.31
27910,ball,1094.9,286.7,1113.2,302.6,0.486
27910,ball,47.8,856.4,71.0,874.5,0.309
27911,ball,1094.8,286.5,1113.0,302.2,0.486
27911,ball,47.8,856.5,70.9,874.5,0.299
27912,ball,859.5,579.7,883.5,602.6,0.478
27912,ball,1094.7,286.4,1113.0,302.3,0.477
27912,ball,47.7,856.5,70.7,874.3,0.263
27912,ball,1369.4,594.7,1395.6,620.3,0.243
27913,ball,1094.7,286.4,1113.0,302.3,0.478
27913,ball,47.7,856.6,70.7,874.3,0.263
27913,ball,1367.4,591.3,1394.7,618.7,0.215
27914,ball,1094.6,286.4,1113.0,302.3,0.486
27914,ball,47.7,856.5,70.7,874.3,0.262
27914,ball,1367.2,588.8,1393.5,616.1,0.181
27915,ball,1095.3,286.6,1113.0,302.2,0.453
27915,ball,1365.2,584.4,1394.3,614.3,0.446
27915,ball,47.8,856.6,70.7,874.2,0.223
27916,ball,1095.2,286.7,1113.2,302.4,0.449
27916,ball,1364.0,582.9,1392.9,611.0,0.266
27916,ball,47.7,856.6,70.6,874.2,0.263
27916,ball,1291.3,535.1,1319.5,568.7,0.168
27917,ball,1095.1,286.8,1113.3,302.5,0.359
27917,ball,47.7,856.7,70.5,874.3,0.255
27918,ball,1095.5,287.0,1113.5,302.6,0.354
27918,ball,47.7,856.5,70.7,874.2,0.259
27919,ball,1095.3,287.1,1113.4,302.8,0.36
27919,ball,47.8,856.5,70.8,874.3,0.277
27920,ball,1095.1,287.2,1113.7,303.2,0.379
27920,ball,47.7,856.6,70.8,874.3,0.259
27920,ball,1430.5,545.7,1453.7,568.9,0.256
27921,ball,1095.1,287.2,1113.6,303.3,0.406
27921,ball,47.7,856.6,70.8,874.3,0.256
27922,ball,1095.0,287.2,1113.7,303.4,0.409
27922,ball,47.7,856.7,70.7,874.3,0.259
27923,ball,1094.5,287.3,1113.7,303.9,0.41
27923,ball,47.9,856.6,71.0,874.3,0.245
27924,ball,1095.8,288.0,1114.0,303.9,0.142
27924,ball,1280.1,551.7,1314.3,581.0,0.124
27925,ball,1095.7,288.0,1113.7,304.1,0.224
27926,ball,1095.6,288.0,1113.8,304.2,0.152
27927,ball,1096.0,288.4,1113.4,303.9,0.112
27928,ball,1095.1,288.3,1113.1,304.4,0.158
27931,ball,1097.5,290.1,1113.4,306.7,0.251
27952,ball,1052.1,476.8,1078.8,504.3,0.106
27977,ball,1001.8,413.8,1022.4,435.4,0.132
27983,ball,48.6,857.0,70.9,874.6,0.133
27984,ball,48.5,857.0,70.8,874.6,0.132
27985,ball,48.5,857.0,70.8,874.6,0.134
27986,ball,48.2,856.6,70.8,874.6,0.188
27987,ball,48.2,856.9,70.7,874.7,0.16
27988,ball,48.2,856.9,70.6,874.7,0.161
27989,ball,48.2,856.9,70.6,874.7,0.162
27990,ball,48.5,857.3,70.5,874.8,0.113
27991,ball,48.4,857.3,70.5,874.8,0.111
27992,ball,48.4,857.3,70.5,874.8,0.111
27993,ball,48.4,857.3,70.6,874.8,0.108
27994,ball,48.4,857.2,70.6,874.8,0.113
27995,ball,48.4,857.2,70.5,874.8,0.111
27996,ball,48.5,857.1,70.6,874.7,0.133
27997,ball,48.5,857.1,70.6,874.7,0.133
27998,ball,48.4,857.1,70.5,874.8,0.125
27999,ball,48.4,857.0,70.5,874.7,0.138
28000,ball,48.4,857.1,70.5,874.7,0.139
28001,ball,48.4,857.1,70.5,874.7,0.141
28002,ball,48.5,857.0,70.7,874.7,0.165
28003,ball,48.4,857.0,70.7,874.7,0.145
28004,ball,48.4,857.0,70.7,874.7,0.146
28005,ball,48.4,857.0,70.7,874.7,0.147
28006,ball,48.4,857.0,70.7,874.7,0.131
28007,ball,48.4,857.1,70.8,874.7,0.127
28008,ball,48.4,857.1,70.8,874.7,0.128
28009,ball,48.4,857.1,70.8,874.7,0.129
28010,ball,48.5,857.1,70.8,874.7,0.115
28017,ball,1054.2,477.1,1080.2,501.0,0.131
28020,ball,1054.2,477.1,1080.1,501.1,0.125
28021,ball,1054.2,477.2,1080.3,501.6,0.209
28022,ball,1054.2,477.2,1079.6,501.4,0.132
28023,ball,1054.1,477.2,1079.3,501.6,0.107
28026,ball,1054.0,477.1,1079.1,501.9,0.102
28026,ball,48.3,857.8,70.0,874.8,0.102
28040,ball,49.3,858.0,71.0,874.6,0.101
28041,ball,49.2,858.1,71.0,874.6,0.107
28042,ball,49.2,858.0,71.0,874.6,0.103
28043,ball,49.2,858.1,71.0,874.6,0.103
28055,ball,960.9,393.1,979.8,406.2,0.14
28098,ball,989.7,384.5,1008.2,400.4,0.103
28108,ball,537.6,1009.9,558.0,1028.9,0.391
28113,ball,571.6,859.5,598.2,886.7,0.166
28139,ball,495.5,901.6,528.4,934.1,0.123
28156,ball,49.3,857.8,69.7,874.4,0.106
28157,ball,1553.9,980.3,1597.9,1034.9,0.105
28160,ball,49.4,857.9,69.9,874.4,0.103
28163,ball,49.4,858.1,69.6,874.4,0.1
28164,ball,983.8,387.1,998.9,401.1,0.105
28166,ball,49.5,858.0,69.7,874.5,0.101
28180,ball,1054.1,489.7,1081.3,514.3,0.178
